wind spd [m/s],Surface T[K],TOA T[K],transmittance,jakobian,TCWV [cm]
0,271.46,270.243,0.8843,0.8898,0.8100951395226709
0,271.46,270.555,0.9578,0.9609,0.25044010951752127
0,271.46,270.581,0.9681,0.9709,0.07386334783029883
0,271.46,270.387,0.9489,0.9534,0.4062732941422403
0,271.46,270.388,0.8638,0.8674,0.9306301846196204
0,271.46,270.465,0.95,0.9536,0.38673716304752387
0,271.46,270.573,0.9673,0.9702,0.08616265493313212
0,271.46,270.299,0.9402,0.9456,0.43859396429973546
0,271.46,270.461,0.8618,0.8649,0.9526343858504178
0,271.46,270.249,0.9149,0.9206,0.6149900832598288
0,271.46,270.546,0.9653,0.9685,0.11340692285336992
0,271.46,270.222,0.932,0.9381,0.4667715274839012
0,271.46,270.499,0.8618,0.8648,0.9469295834969129
0,271.46,270.259,0.9014,0.9068,0.6884782265095626
0,271.46,270.52,0.9636,0.9671,0.1289986386788557
0,271.46,270.213,0.9271,0.9332,0.49819535723208236
0,271.46,270.527,0.8633,0.8664,0.9377179770869768
0,271.46,270.339,0.8993,0.9038,0.7196343807518366
0,271.46,270.529,0.964,0.9674,0.11615021439533377
0,271.46,270.243,0.9236,0.9294,0.5215547613099274
0,271.46,270.548,0.8636,0.8667,0.9318472159198097
0,271.46,270.427,0.9094,0.913,0.695125246643859
0,271.46,270.55,0.9646,0.9678,0.10607694778543131
0,271.46,270.301,0.9234,0.9286,0.513292765623327
0,271.46,270.566,0.8646,0.8677,0.9286644266900522
0,271.46,270.485,0.9252,0.9286,0.6541889432171027
0,271.46,270.537,0.9627,0.966,0.1422105917923042
0,271.46,270.347,0.9226,0.9273,0.49695181331035576
0,271.46,270.575,0.8627,0.8658,0.931241759418354
0,271.46,270.509,0.9318,0.9352,0.6079805030260078
0,271.46,270.329,0.9424,0.9474,0.2658014714504954
0,271.46,270.387,0.9218,0.926,0.4874595300127974
0,271.46,270.587,0.863,0.8658,0.9329708922007006
0,271.46,270.542,0.9359,0.9392,0.5558268623841985
0,271.46,270.274,0.9307,0.9363,0.3676150367352767
0,271.46,270.403,0.9197,0.9237,0.49995615220284206
0,271.46,270.595,0.8647,0.8674,0.9306492533128031
0,271.46,270.564,0.9369,0.94,0.5409456338301051
0,271.46,270.324,0.9332,0.9382,0.41718191227381424
0,271.46,270.387,0.9154,0.9195,0.5345444162889469
0,271.46,270.61,0.8692,0.8719,0.9201576991123371
0,271.46,270.565,0.9359,0.9389,0.5450629929690567
0,271.46,270.331,0.9316,0.9365,0.49713046759086943
0,271.46,270.364,0.9123,0.9167,0.5587766974451012
0,271.46,270.617,0.8733,0.8759,0.9073536324840799
0,271.46,270.523,0.9239,0.9273,0.6387443214553391
0,271.46,270.303,0.9214,0.9265,0.5741139430896383
0,271.46,270.34,0.9146,0.9192,0.5479633717936297
0,271.46,270.619,0.8775,0.88,0.8939150474422968
0,271.46,270.393,0.8939,0.8977,0.8413955836090816
0,271.46,270.308,0.9124,0.9174,0.6504616255296152
0,271.46,270.3,0.9182,0.9233,0.5444376520014481
0,271.46,270.615,0.8814,0.884,0.8831159978178074
0,271.46,270.338,0.8779,0.8822,0.9338109344169517
0,271.46,270.308,0.8992,0.904,0.7310922690215313
0,271.46,270.266,0.92,0.9255,0.5736486975674671
0,271.46,270.616,0.8857,0.8883,0.8678110771772216
0,271.46,270.364,0.8738,0.8778,0.9591519020256662
0,271.46,270.354,0.8867,0.8909,0.7996391224322272
0,271.46,270.283,0.9229,0.9282,0.5571384723631414
0,271.46,270.63,0.8839,0.8863,0.8799729775203561
0,271.46,270.383,0.8671,0.8708,0.9950428535738503
0,271.46,270.402,0.8838,0.8874,0.8196620150612084
0,271.46,270.303,0.9263,0.9315,0.5257270321669479
0,271.549,270.746,0.8658,0.8678,0.9624511938327563
0,271.464,270.422,0.8623,0.8656,1.0202640045275402
0,271.463,270.411,0.8919,0.8955,0.8068146104938995
0,271.46,270.39,0.9339,0.9381,0.45006495592276663
0,272.526,271.623,0.8466,0.8496,1.072270296176574
0,271.969,270.904,0.8589,0.863,1.0346567890156169
0,271.849,270.781,0.8788,0.8833,0.8656698260874001
0,271.617,270.632,0.9405,0.9445,0.379654826061907
0,271.46,270.359,0.9005,0.9048,0.6681113836019437
0,271.46,270.515,0.9548,0.9584,0.31338540684127614
0,271.46,270.556,0.9671,0.9702,0.0866275945404394
0,271.46,270.388,0.9495,0.9539,0.39599684907690186
0,271.46,270.448,0.875,0.8781,0.7893640539837763
0,271.46,270.376,0.9382,0.9427,0.509468931796281
0,271.46,270.557,0.9667,0.9698,0.09375668551442132
0,271.46,270.26,0.9363,0.942,0.44048451815859646
0,271.46,270.535,0.8748,0.8779,0.8227087741481547
0,271.46,270.227,0.9034,0.9091,0.6743949258921244
0,271.46,270.546,0.9655,0.9688,0.11067530706204465
0,271.46,270.218,0.9291,0.9352,0.48113550498896157
0,271.46,270.573,0.8729,0.8759,0.8335386701880868
0,271.46,270.293,0.8967,0.9017,0.7317514135816003
0,271.46,270.526,0.964,0.9674,0.12858534769773572
0,271.46,270.24,0.9256,0.9315,0.5124257519132426
0,271.46,270.599,0.8718,0.8745,0.8372647132303082
0,271.46,270.37,0.8974,0.9015,0.7492469395767156
0,271.46,270.528,0.9639,0.9673,0.12009264121794905
0,271.46,270.29,0.9246,0.9299,0.513643038142485
0,271.46,270.616,0.8718,0.8743,0.8405051164260987
0,271.46,270.423,0.9066,0.9102,0.7279218693437618
0,271.46,270.542,0.9642,0.9675,0.11082469548724591
0,271.46,270.347,0.9244,0.929,0.4888310483192527
0,271.46,270.625,0.8726,0.8751,0.845950655932454
0,271.46,270.464,0.9188,0.9222,0.6938314307128326
0,271.46,270.484,0.9594,0.9629,0.17885888657186708
0,271.46,270.389,0.9229,0.9271,0.4850415279427735
0,271.46,270.63,0.8737,0.8761,0.8528895698327157
0,271.46,270.513,0.9297,0.9331,0.6278606353851724
0,271.46,270.288,0.9385,0.944,0.29713857433476265
0,271.46,270.414,0.9211,0.925,0.4897768351067898
0,271.46,270.633,0.8748,0.8771,0.8588918234055463
0,271.46,270.561,0.9358,0.9389,0.5511489142571622
0,271.46,270.248,0.929,0.9348,0.3940077906318672
0,271.46,270.416,0.9183,0.9221,0.5146757557371784
0,271.46,270.629,0.8747,0.8771,0.8654223409625101
0,271.46,270.581,0.9376,0.9405,0.5238852717288778
0,271.46,270.297,0.9317,0.9369,0.4398957850030337
0,271.46,270.403,0.9144,0.9183,0.5579331372079152
0,271.46,270.626,0.8767,0.8791,0.8720719613731498
0,271.46,270.563,0.9355,0.9386,0.538803719924745
0,271.46,270.293,0.9266,0.9319,0.5051097469574218
0,271.46,270.399,0.9109,0.9148,0.5878319813595876
0,271.46,270.626,0.8793,0.8817,0.8697798942554288
0,271.46,270.464,0.9123,0.9157,0.7100031101344497
0,271.46,270.321,0.9232,0.9281,0.55364186546884
0,271.46,270.392,0.9083,0.9123,0.5980293984184202
0,271.46,270.628,0.8818,0.8842,0.8638747176660736
0,271.46,270.327,0.8835,0.8879,0.9150853757399317
0,271.46,270.321,0.9162,0.921,0.6309786726354056
0,271.46,270.346,0.9109,0.9154,0.5705475366205585
0,271.46,270.638,0.8826,0.8849,0.8696893944415267
0,271.46,270.33,0.8758,0.8802,0.9560483957314683
0,271.46,270.307,0.9019,0.9068,0.7219363391168239
0,271.46,270.331,0.9175,0.9223,0.5608346887061331
0,271.46,270.653,0.8753,0.8775,0.9014058827428327
0,271.46,270.361,0.8708,0.8747,0.9911671671773746
0,271.46,270.364,0.8871,0.8912,0.7950331662698273
0,271.46,270.314,0.9198,0.9248,0.5912913176263046
0,271.462,270.678,0.8677,0.8696,0.9486957319777906
0,271.46,270.392,0.8645,0.8681,1.027911111337715
0,271.46,270.427,0.8844,0.8878,0.8181261694870319
0,271.46,270.329,0.9221,0.9269,0.5779840210469427
0,271.926,271.104,0.8604,0.862,0.9962930256509613
0,271.804,270.74,0.8585,0.8629,1.0671788531251754
0,271.5,270.465,0.8879,0.8914,0.8045335053254681
0,271.472,270.362,0.9259,0.9305,0.5471605492191524
0,273.091,272.136,0.8572,0.8599,1.029508751714398
0,272.752,271.607,0.852,0.8572,1.0918174911922014
0,272.387,271.252,0.8877,0.8922,0.827631097265631
0,272.166,271.065,0.9262,0.9309,0.47632876670422614
0,271.46,270.395,0.9072,0.9112,0.6223636002100615
0,271.46,270.472,0.9498,0.9533,0.38564096811857257
0,271.46,270.54,0.9664,0.9697,0.09662963397286536
0,271.46,270.35,0.945,0.9499,0.40131349645393694
0,271.46,270.493,0.8877,0.8909,0.712314296931164
0,271.46,270.253,0.9151,0.9207,0.6183172643053438
0,271.46,270.53,0.9656,0.969,0.1099025151300393
0,271.46,270.229,0.931,0.937,0.46009136657268285
0,271.46,270.582,0.8896,0.8926,0.7095817124094366
0,271.46,270.263,0.9012,0.9065,0.7022712649069764
0,271.46,270.525,0.9647,0.9682,0.1211080236370218
0,271.46,270.235,0.9268,0.9327,0.5025421525189541
0,271.46,270.624,0.8879,0.8904,0.7032765521355409
0,271.46,270.317,0.893,0.8977,0.7598815599618626
0,271.46,270.511,0.9635,0.967,0.13295712603182536
0,271.46,270.256,0.9243,0.93,0.5255023376994182
0,271.46,270.657,0.8874,0.8895,0.7034845742429882
0,271.46,270.382,0.8992,0.9032,0.7544956738539664
0,271.46,270.52,0.9635,0.9671,0.12430279453228166
0,271.46,270.316,0.9247,0.9297,0.49936701116079407
0,271.46,270.685,0.8868,0.8886,0.7083325600485385
0,271.46,270.409,0.9042,0.908,0.7475970387441174
0,271.46,270.537,0.964,0.9673,0.11816920151121943
0,271.46,270.355,0.9226,0.9272,0.4904128830946348
0,271.46,270.701,0.8855,0.8871,0.7174577455094248
0,271.46,270.444,0.9121,0.9156,0.7237940581136271
0,271.46,270.457,0.9574,0.9612,0.19229135331637204
0,271.46,270.386,0.9196,0.9238,0.49934814641085384
0,271.46,270.714,0.8846,0.8861,0.7307288421632261
0,271.46,270.512,0.9254,0.9288,0.6422883451535438
0,271.46,270.28,0.939,0.9445,0.3077688609260043
0,271.46,270.413,0.9176,0.9214,0.5119467402221962
0,271.46,270.722,0.8833,0.8847,0.7431043730529794
0,271.46,270.574,0.9353,0.9383,0.547695135443806
0,271.46,270.245,0.9311,0.937,0.404146064150347
0,271.46,270.423,0.9171,0.9209,0.5465457113285372
0,271.46,270.725,0.883,0.8843,0.7564072848526256
0,271.46,270.59,0.9381,0.9409,0.5070342063803643
0,271.46,270.296,0.9323,0.9376,0.4353848154058725
0,271.46,270.403,0.9119,0.9158,0.6002936782693375
0,271.46,270.73,0.8821,0.8834,0.7727801032972523
0,271.46,270.532,0.9298,0.9333,0.5779162099187797
0,271.46,270.308,0.9286,0.9338,0.47430406917754786
0,271.46,270.399,0.9067,0.9106,0.6305805244400485
0,271.46,270.728,0.8817,0.883,0.7932387206640393
0,271.46,270.377,0.8972,0.9013,0.8307782983995556
0,271.46,270.337,0.9252,0.93,0.5245633320246976
0,271.46,270.407,0.9042,0.9079,0.6352324698036538
0,271.46,270.728,0.8816,0.8829,0.8167816736602205
0,271.46,270.317,0.8778,0.8823,0.947107014117971
0,271.46,270.302,0.9132,0.9183,0.6428440395038061
0,271.46,270.4,0.9047,0.9085,0.614172780715127
0,271.46,270.729,0.8813,0.8826,0.8462751806172342
0,271.46,270.35,0.8735,0.8776,0.9786261873320654
0,271.46,270.302,0.8942,0.8991,0.7485924857112266
0,271.46,270.378,0.9131,0.9173,0.5679498095679972
0,271.46,270.724,0.8806,0.882,0.8779562337801391
0,271.46,270.379,0.8665,0.8703,1.01877266956606
0,271.46,270.384,0.8838,0.8877,0.8195382215129531
0,271.46,270.34,0.9152,0.9198,0.6037430723029782
0,271.461,270.726,0.8802,0.8815,0.9075116884970914
0,271.46,270.419,0.8602,0.8634,1.0559092044683964
0,271.46,270.452,0.8865,0.8897,0.8233185644435155
0,271.461,270.334,0.9155,0.9202,0.626437111551855
0,272.037,271.241,0.8797,0.881,0.9266068943013159
0,271.752,270.719,0.8538,0.8579,1.0902970943186512
0,271.518,270.527,0.8823,0.886,0.8148781184196439
0,271.737,270.599,0.9161,0.9216,0.6195030413036052
0,272.839,271.969,0.8814,0.8836,0.9306103001534674
0,272.521,271.431,0.8468,0.8503,1.1256682455272697
0,272.125,271.06,0.8916,0.8957,0.792924648070442
0,272.082,270.936,0.917,0.9222,0.580994580208328
0,271.46,270.383,0.9027,0.9068,0.6360843917137862
0,271.46,270.41,0.9419,0.946,0.4717024672033774
0,271.46,270.554,0.9672,0.9704,0.09268786996578852
0,271.46,270.244,0.9334,0.9392,0.4283879816247138
0,271.46,270.517,0.8878,0.891,0.711847011976567
0,271.46,270.246,0.9073,0.9129,0.6588112148389105
0,271.46,270.548,0.9666,0.9698,0.10179133547133831
0,271.46,270.217,0.926,0.9321,0.49561787154634873
0,271.46,270.606,0.8932,0.8959,0.6967205416732524
0,271.46,270.293,0.8986,0.9036,0.7243460814855225
0,271.46,270.517,0.9645,0.9681,0.1253601382735185
0,271.46,270.243,0.925,0.9308,0.5166418705674212
0,271.46,270.655,0.8962,0.8983,0.6811497300301326
0,271.46,270.344,0.8963,0.9007,0.7605018023484064
0,271.46,270.492,0.9627,0.9662,0.1404659593235203
0,271.46,270.251,0.9221,0.9278,0.5289195087007286
0,271.46,270.678,0.8954,0.8972,0.6794519025355243
0,271.46,270.387,0.9033,0.9073,0.7409892776840207
0,271.46,270.51,0.963,0.9666,0.13188402767509805
0,271.46,270.33,0.9239,0.9287,0.4948445697562369
0,271.46,270.7,0.896,0.8976,0.6846812622047285
0,271.46,270.397,0.9053,0.9092,0.7482226346407794
0,271.46,270.523,0.9633,0.9668,0.13191461916148736
0,271.46,270.371,0.9205,0.9249,0.49694161614822596
0,271.46,270.716,0.8949,0.8964,0.6967215613894654
0,271.46,270.434,0.9119,0.9154,0.7370682139160671
0,271.46,270.468,0.9588,0.9625,0.19677300607241005
0,271.46,270.407,0.9172,0.9211,0.5110761575053663
0,271.46,270.729,0.8938,0.8951,0.7193850091519531
0,271.46,270.507,0.9232,0.9266,0.652411322928829
0,271.46,270.283,0.9408,0.9463,0.31338163389128815
0,271.46,270.433,0.9183,0.922,0.5282265095623889
0,271.46,270.733,0.8928,0.8941,0.7592673848867861
0,271.46,270.581,0.9354,0.9383,0.5400944257213218
0,271.46,270.252,0.934,0.9398,0.3942706224857623
0,271.46,270.42,0.9167,0.9204,0.5797119811556444
0,271.46,270.712,0.8903,0.8918,0.8159659006898382
0,271.46,270.591,0.9388,0.9416,0.49327211637001434
0,271.46,270.305,0.9345,0.9398,0.4097868793114877
0,271.46,270.38,0.9078,0.9119,0.639947892501517
0,271.46,270.684,0.8867,0.8885,0.8800741333686835
0,271.46,270.488,0.921,0.9244,0.6518147889442368
0,271.46,270.33,0.9313,0.9362,0.43656406622037097
0,271.46,270.375,0.9032,0.9074,0.6644975603289606
0,271.46,270.652,0.8808,0.8829,0.9493077656488198
0,271.46,270.345,0.8866,0.8909,0.9008093487582405
0,271.46,270.339,0.9251,0.9298,0.5200112678641535
0,271.46,270.384,0.9006,0.9046,0.6708032304609628
0,271.46,270.625,0.8766,0.879,1.002861782565912
0,271.46,270.344,0.8736,0.8778,0.9673616372563517
0,271.46,270.288,0.9089,0.914,0.6627766362621282
0,271.46,270.423,0.9027,0.9063,0.6392399545206569
0,271.46,270.605,0.8703,0.873,1.055750383668225
0,271.46,270.387,0.8673,0.8709,1.0047467279856017
0,271.46,270.305,0.889,0.8938,0.7670758108018539
0,271.46,270.414,0.9102,0.914,0.5845334543396573
0,271.468,270.597,0.8618,0.8646,1.1121034706041308
0,271.46,270.438,0.8624,0.8655,1.0416347070610248
0,271.46,270.372,0.8821,0.8861,0.827376983985357
0,271.46,270.378,0.9132,0.9174,0.6041293408044542
0,271.758,270.851,0.8544,0.8572,1.1567418027562928
0,271.588,270.598,0.8577,0.8616,1.0713043699938307
0,271.465,270.437,0.8792,0.8824,0.8481236201964995
0,271.461,270.329,0.908,0.9126,0.6664337464883523
0,272.039,271.103,0.8455,0.848,1.1926648753651858
0,272.176,271.159,0.8525,0.8558,1.0947134852370586
0,271.788,270.77,0.876,0.88,0.8419490345836754
0,272.24,271.072,0.909,0.9143,0.6713974190982649
0,272.402,271.436,0.8351,0.8375,1.2212811714499856
0,272.218,271.233,0.8468,0.8496,1.1203262072165319
0,272.399,271.35,0.8839,0.8874,0.811028689715652
0,273.009,271.799,0.9129,0.9187,0.6391682684708846
0,271.46,270.328,0.9069,0.9116,0.6471962392866064
0,271.46,270.484,0.9503,0.9538,0.3514419806967721
0,271.46,270.558,0.9679,0.9711,0.0772419735587586
0,271.46,270.297,0.94,0.9454,0.41584307587198477
0,271.46,270.401,0.8991,0.9029,0.6919492895127286
0,271.46,270.312,0.9254,0.9304,0.5476547546817722
0,271.46,270.548,0.967,0.9702,0.09424956534596425
0,271.46,270.215,0.9278,0.9339,0.46885287024621053
0,271.46,270.528,0.8898,0.8931,0.7488012726058337
0,271.46,270.269,0.9061,0.9114,0.6686667720373419
0,271.46,270.54,0.966,0.9694,0.10710920650782887
0,271.46,270.212,0.9242,0.9303,0.5115891767321155
0,271.46,270.594,0.888,0.8907,0.7504493889350593
0,271.46,270.312,0.8985,0.9033,0.7296498804382738
0,271.46,270.515,0.9643,0.9678,0.1277760499253058
0,271.46,270.235,0.9237,0.9296,0.521397572055697
0,271.46,270.634,0.8868,0.8891,0.7509569526800692
0,271.46,270.352,0.899,0.9033,0.7489900730626667
0,271.46,270.484,0.9622,0.9657,0.1470365517276542
0,271.46,270.255,0.9211,0.9268,0.536293076636772
0,271.46,270.669,0.8855,0.8875,0.7618745443143172
0,271.46,270.382,0.907,0.9111,0.725490610962969
0,271.46,270.492,0.962,0.9656,0.14665313843157451
0,271.46,270.343,0.9217,0.9264,0.4975846491921298
0,271.46,270.694,0.8834,0.8851,0.7794610799814411
0,271.46,270.397,0.911,0.9149,0.7360421244767581
0,271.46,270.504,0.9622,0.9658,0.1507016157403395
0,271.46,270.39,0.9174,0.9215,0.5077440818220289
0,271.46,270.706,0.8773,0.8789,0.8229601341946535
0,271.46,270.438,0.9176,0.9211,0.7220220462645246
0,271.46,270.483,0.96,0.9635,0.20666644572815387
0,271.46,270.428,0.9166,0.9203,0.5264150856816548
0,271.46,270.683,0.8657,0.8675,0.9306080057919882
0,271.46,270.505,0.9227,0.9261,0.6502546231383806
0,271.46,270.381,0.9499,0.9545,0.30575609407901777
0,271.46,270.444,0.9194,0.9229,0.5388747431589789
0,271.46,270.622,0.8527,0.8552,1.0804170639311077
0,271.46,270.583,0.9351,0.9379,0.5322591812698526
0,271.46,270.295,0.9394,0.9448,0.36569139308530435
0,271.46,270.416,0.9159,0.9197,0.5952994651588464
0,271.46,270.564,0.8403,0.8433,1.1916770252838638
0,271.46,270.586,0.9388,0.9416,0.49406112178980593
0,271.46,270.308,0.9353,0.9405,0.39281839364104976
0,271.46,270.376,0.9066,0.9107,0.6513876808084311
0,271.46,270.547,0.8305,0.8335,1.2398328175268825
0,271.46,270.455,0.9126,0.9159,0.722565504020231
0,271.46,270.358,0.9332,0.9378,0.40502098066108205
0,271.46,270.36,0.903,0.9073,0.6731753453014027
0,271.46,270.555,0.8301,0.8331,1.242324749022347
0,271.46,270.344,0.8797,0.884,0.940211438156761
0,271.46,270.304,0.9194,0.9245,0.5541085385937095
0,271.46,270.371,0.9002,0.9043,0.6895201215501727
0,271.46,270.571,0.8332,0.8362,1.237831624458913
0,271.46,270.386,0.872,0.8757,0.970929114427455
0,271.46,270.274,0.9012,0.9064,0.6930762288855011
0,271.46,270.423,0.9047,0.9083,0.653331667796852
0,271.46,270.583,0.8319,0.8348,1.248763033247847
0,271.46,270.462,0.8685,0.8716,0.9736848974930279
0,271.46,270.336,0.8927,0.8972,0.7658357849010621
0,271.46,270.42,0.9089,0.9126,0.5984882707142604
0,271.541,270.671,0.8266,0.8293,1.2756391836152001
0,271.46,270.537,0.8678,0.8709,0.9649459295478069
0,271.46,270.37,0.8836,0.8876,0.8293437106453274
0,271.46,270.375,0.9072,0.9114,0.6399614037413388
0,272.492,271.504,0.8221,0.8252,1.2996448328430197
0,272.258,271.286,0.8663,0.869,0.9703019889564736
0,271.867,270.797,0.8743,0.8788,0.8898664681619104
0,271.714,270.572,0.9041,0.9096,0.693946964559763
0,272.903,271.877,0.8184,0.822,1.3188782101941032
0,272.702,271.707,0.8631,0.8669,0.9859207272616031
0,272.326,271.258,0.8728,0.8766,0.888431217592144
0,272.278,271.11,0.9064,0.9115,0.6966935701794191
0,273.256,272.195,0.815,0.8183,1.3390364701503572
0,273.369,272.315,0.859,0.8623,1.0021683755410868
0,272.958,271.862,0.8759,0.8804,0.8424983557076067
0,272.301,271.138,0.9054,0.9105,0.6977084427403855
0,271.46,270.24,0.913,0.9187,0.6216877832899105
0,271.46,270.486,0.9525,0.9561,0.2809854537482218
0,271.46,270.319,0.9542,0.9594,0.13686197631199237
0,271.46,270.206,0.9386,0.9449,0.3860431441929712
0,271.46,270.296,0.9018,0.9068,0.6861274747237844
0,271.46,270.42,0.9412,0.9452,0.4026011431018747
0,271.46,270.474,0.9632,0.9668,0.1308874590201547
0,271.46,270.215,0.9318,0.938,0.4412174391866744
0,271.46,270.384,0.8921,0.896,0.7578690990297401
0,271.46,270.278,0.9179,0.9232,0.5876085105515135
0,271.46,270.516,0.9648,0.9684,0.11757098499487595
0,271.46,270.212,0.9274,0.9335,0.4844578423824649
0,271.46,270.499,0.8879,0.8911,0.8025403170297706
0,271.46,270.284,0.9065,0.9117,0.6653325549499576
0,271.46,270.513,0.9644,0.968,0.12453896080720736
0,271.46,270.206,0.9239,0.9301,0.5137899792487752
0,271.46,270.571,0.8855,0.8885,0.8202275496729261
0,271.46,270.322,0.9016,0.9063,0.7151663412072421
0,271.46,270.501,0.9633,0.9669,0.13758087624214183
0,271.46,270.234,0.9227,0.9285,0.5294189147160344
0,271.46,270.614,0.878,0.8805,0.8591656681945414
0,271.46,270.335,0.9016,0.9061,0.7322300173861616
0,271.46,270.481,0.9618,0.9654,0.15308785365032912
0,271.46,270.258,0.9189,0.9245,0.546567992127791
0,271.46,270.636,0.8666,0.8689,0.9180111964840185
0,271.46,270.364,0.9079,0.9122,0.7231335369366705
0,271.46,270.48,0.9612,0.9648,0.1600537900302346
0,271.46,270.36,0.919,0.9235,0.5073395094145299
0,271.46,270.643,0.8536,0.8559,0.9896299449863104
0,271.46,270.392,0.9144,0.9184,0.7281696603835154
0,271.46,270.482,0.9608,0.9644,0.17630521125970644
0,271.46,270.407,0.9153,0.9192,0.5320107784003711
0,271.46,270.624,0.8452,0.8477,1.0933745978494185
0,271.46,270.457,0.9238,0.9272,0.6865818092824767
0,271.46,270.46,0.9583,0.962,0.2288639341671213
0,271.46,270.433,0.9168,0.9204,0.535666461023897
0,271.46,270.551,0.8314,0.8344,1.2216605058812136
0,271.46,270.521,0.9257,0.9291,0.6278971412255971
0,271.46,270.406,0.9526,0.9569,0.3086454599684908
0,271.46,270.446,0.9192,0.9227,0.5458151866335599
0,271.46,270.546,0.8285,0.8315,1.2543296640544939
0,271.46,270.588,0.9344,0.9372,0.5212375785818806
0,271.46,270.335,0.9429,0.9479,0.34653321980492835
0,271.46,270.432,0.9172,0.9208,0.5887745560410538
0,271.46,270.56,0.8259,0.8289,1.2650708447838968
0,271.46,270.576,0.9372,0.9401,0.5066739916281299
0,271.46,270.313,0.9347,0.9398,0.38389557086262893
0,271.46,270.404,0.9119,0.9158,0.6288659735995472
0,271.46,270.571,0.825,0.8279,1.2683061493986225
0,271.46,270.432,0.9063,0.9099,0.763860441639092
0,271.46,270.366,0.9322,0.9367,0.3979001493884253
0,271.46,270.378,0.9053,0.9094,0.6696943910509705
0,271.46,270.578,0.8238,0.8267,1.2843003472133707
0,271.46,270.366,0.8785,0.8825,0.9330379895275145
0,271.46,270.28,0.9129,0.9182,0.5794571030882107
0,271.46,270.369,0.907,0.9113,0.6481974986361296
0,271.46,270.584,0.8223,0.8253,1.2993508486588181
0,271.46,270.433,0.8742,0.8774,0.9267312996792991
0,271.46,270.299,0.9023,0.9072,0.7006710242539502
0,271.46,270.389,0.9066,0.9106,0.6253861920227601
0,271.46,270.591,0.8235,0.8263,1.304373766780705
0,271.46,270.496,0.8727,0.8758,0.9260060265228189
0,271.46,270.339,0.8975,0.902,0.7497038744117511
0,271.46,270.4,0.9066,0.9105,0.6228203311018544
0,271.46,270.608,0.8252,0.8279,1.3067989068642198
0,271.486,270.527,0.8676,0.8709,0.9659610570378264
0,271.46,270.367,0.887,0.8911,0.8197446120744596
0,271.46,270.364,0.9061,0.9104,0.6794446625504124
0,271.49,270.653,0.8198,0.8223,1.330797418078549
0,271.865,270.881,0.8629,0.8664,0.989381389159397
0,271.472,270.462,0.8799,0.8832,0.8935351011813413
0,271.492,270.374,0.9024,0.9068,0.7146066699637491
0,271.977,271.078,0.816,0.8182,1.3599526341819073
0,272.154,271.168,0.8584,0.8614,0.9977920084840392
0,271.992,270.999,0.8658,0.8691,0.9406335496831234
0,271.771,270.65,0.9016,0.9068,0.7267104464827437
0,272.919,271.875,0.8135,0.8172,1.3774002335150128
0,272.459,271.476,0.8561,0.8591,1.0079853466780195
0,272.479,271.474,0.8761,0.8794,0.8646106468569797
0,272.242,271.103,0.9022,0.9071,0.7281061830492576
0,271.46,270.221,0.9183,0.9243,0.6945220335180718
0,271.46,270.39,0.9444,0.9488,0.2618655198258325
0,271.46,270.537,0.968,0.9713,0.08076906996782797
0,271.46,270.371,0.9515,0.9562,0.3757860227498687
0,271.46,270.167,0.9001,0.9065,0.7654817904177269
0,271.46,270.432,0.9449,0.9488,0.3126326013470451
0,271.46,270.527,0.967,0.9704,0.09225693789418404
0,271.46,270.265,0.9388,0.9445,0.4318540990042471
0,271.46,270.231,0.8912,0.8968,0.8019022296094998
0,271.46,270.383,0.9361,0.9405,0.4194991153961853
0,271.46,270.482,0.9646,0.9682,0.11815645505855721
0,271.46,270.235,0.9324,0.9384,0.4559370427210109
0,271.46,270.329,0.8844,0.8888,0.8388116227253954
0,271.46,270.262,0.9155,0.921,0.5864664283929784
0,271.46,270.434,0.9612,0.9653,0.13226535055294114
0,271.46,270.213,0.9279,0.9341,0.48859534091662293
0,271.46,270.436,0.883,0.8863,0.8567254872968855
0,271.46,270.304,0.9131,0.9181,0.6348073501144632
0,271.46,270.476,0.963,0.9666,0.1385287024621048
0,271.46,270.214,0.924,0.9302,0.5159951155593399
0,271.46,270.52,0.8826,0.8858,0.864687431487817
0,271.46,270.325,0.9085,0.9133,0.6798366414626809
0,271.46,270.486,0.9625,0.966,0.14889498452580646
0,271.46,270.241,0.9221,0.9279,0.5364743311936289
0,271.46,270.577,0.8733,0.8763,0.9139596090408041
0,271.46,270.322,0.9057,0.9104,0.7114108793522764
0,271.46,270.481,0.9615,0.9651,0.1619646872275446
0,271.46,270.284,0.9183,0.9236,0.5473789214461615
0,271.46,270.592,0.8543,0.8571,1.0216918621547624
0,271.46,270.332,0.9075,0.9122,0.7280012542509421
0,271.46,270.457,0.9591,0.9629,0.1777205773633198
0,271.46,270.379,0.9171,0.9214,0.5198417400437458
0,271.46,270.574,0.8381,0.8411,1.1383637123788453
0,271.46,270.38,0.9153,0.9195,0.7167083050786965
0,271.46,270.454,0.9584,0.9622,0.19988732135846593
0,271.46,270.401,0.9127,0.9166,0.5549199777701866
0,271.46,270.557,0.8337,0.8367,1.2307084478389663
0,271.46,270.478,0.9273,0.9307,0.6497766821493579
0,271.46,270.442,0.9568,0.9607,0.2484594637312436
0,271.46,270.418,0.9151,0.9189,0.5549327242228488
0,271.46,270.569,0.8283,0.8313,1.2601083958334396
0,271.46,270.533,0.9264,0.9298,0.6040475085783628
0,271.46,270.384,0.9506,0.9551,0.3208695120148063
0,271.46,270.44,0.9175,0.9211,0.555668194541459
0,271.46,270.577,0.8284,0.8313,1.2679923317340784
0,271.46,270.585,0.9326,0.9354,0.512664569450322
0,271.46,270.288,0.9372,0.9426,0.3599093472286662
0,271.46,270.46,0.9194,0.9228,0.5739606287570169
0,271.46,270.583,0.8241,0.827,1.2892722795246083
0,271.46,270.562,0.9356,0.9386,0.5194890202056768
0,271.46,270.344,0.9354,0.9402,0.35946806503750006
0,271.46,270.461,0.9211,0.9244,0.5915825995625418
0,271.46,270.602,0.8224,0.8252,1.3051928538287794
0,271.46,270.44,0.9057,0.9091,0.7618967231419498
0,271.46,270.346,0.9274,0.9321,0.4075655295131365
0,271.46,270.422,0.9119,0.9156,0.6435052744821116
0,271.46,270.611,0.8217,0.8244,1.3091556749756545
0,271.46,270.39,0.8795,0.8832,0.9045234101349594
0,271.46,270.283,0.9109,0.9161,0.5802802690011368
0,271.46,270.407,0.9045,0.9083,0.6929056813488808
0,271.46,270.608,0.8227,0.8254,1.3143593377962914
0,271.46,270.432,0.8735,0.8766,0.9337642824002081
0,271.46,270.319,0.908,0.9128,0.6766732778267809
0,271.46,270.389,0.901,0.9049,0.7137805468738051
0,271.46,270.606,0.8218,0.8245,1.3191611814432045
0,271.46,270.446,0.868,0.8711,0.9911730305455991
0,271.46,270.335,0.8983,0.9028,0.7497499145987672
0,271.46,270.365,0.9002,0.9044,0.7262147114458046
0,271.46,270.609,0.8203,0.8229,1.340694273783606
0,271.46,270.483,0.8621,0.8652,1.0161624509898897
0,271.46,270.359,0.8835,0.8876,0.8381873524598106
0,271.46,270.373,0.902,0.9062,0.7250629419832462
0,271.58,270.726,0.8185,0.8209,1.3610664192155326
0,271.664,270.71,0.8555,0.8589,1.036200894291119
0,271.46,270.467,0.871,0.8741,0.9325229308683394
0,271.632,270.534,0.8995,0.9044,0.7422349630097945
0,272.643,271.641,0.8153,0.8191,1.3719959925152831
0,272.415,271.411,0.8517,0.8544,1.0539176987044505
0,271.839,270.917,0.8642,0.8671,0.9534373103965168
0,272.021,270.903,0.8976,0.9025,0.7569986692703421
0,272.797,271.78,0.8129,0.8166,1.386270999780761
0,272.599,271.576,0.8433,0.8474,1.0801152279320667
0,272.52,271.561,0.8763,0.8799,0.8593058281880154
0,272.323,271.194,0.8981,0.9027,0.7586462757414612
0,271.46,270.18,0.8992,0.9055,0.80114636496663
0,271.46,270.39,0.9376,0.9419,0.34508124588926903
0,271.46,270.536,0.9674,0.9708,0.08012155017258699
0,271.46,270.302,0.9422,0.9475,0.41962642696537567
0,271.46,270.193,0.8881,0.8941,0.8579988579178414
0,271.46,270.372,0.9352,0.9396,0.424414147542739
0,271.46,270.525,0.9665,0.97,0.09865106840766216
0,271.46,270.229,0.9321,0.9382,0.45950477482116725
0,271.46,270.266,0.8812,0.8864,0.8978998434735612
0,271.46,270.316,0.925,0.93,0.53890941351022
0,271.46,270.508,0.9654,0.9689,0.11380466316224196
0,271.46,270.207,0.926,0.9322,0.5015087721087221
0,271.46,270.368,0.8834,0.8874,0.8900773454747546
0,271.46,270.34,0.9227,0.9274,0.59304706500181
0,271.46,270.498,0.9645,0.9681,0.12339381950003314
0,271.46,270.234,0.925,0.9309,0.5211281120464174
0,271.46,270.451,0.8814,0.8846,0.8858358358868728
0,271.46,270.321,0.9159,0.9207,0.6424191747436689
0,271.46,270.495,0.9637,0.9673,0.13602795042139773
0,271.46,270.256,0.9229,0.9286,0.5405154665456604
0,271.46,270.52,0.8709,0.874,0.9425766699127631
0,271.46,270.312,0.9117,0.9166,0.6865501980798744
0,271.46,270.461,0.9604,0.9642,0.166656401523456
0,271.46,270.32,0.9194,0.9243,0.5267819285892735
0,271.46,270.54,0.8513,0.8544,1.080575374873173
0,271.46,270.33,0.9124,0.9171,0.7094173341559045
0,271.46,270.441,0.9577,0.9617,0.18926034884491644
0,271.46,270.385,0.9169,0.9211,0.5208499844493277
0,271.46,270.536,0.8349,0.8379,1.2061062646265546
0,271.46,270.398,0.9203,0.9244,0.6818900949865653
0,271.46,270.44,0.9573,0.9612,0.21678983138992422
0,271.46,270.4,0.9114,0.9153,0.5692291455287994
0,271.46,270.574,0.8311,0.8341,1.2539449761131478
0,271.46,270.487,0.9271,0.9305,0.6187798585653613
0,271.46,270.432,0.9559,0.9599,0.26202699188815753
0,271.46,270.397,0.9123,0.9163,0.5815906553206245
0,271.46,270.612,0.8254,0.828,1.2773413449037134
0,271.46,270.532,0.9243,0.9277,0.5845877542279982
0,271.46,270.299,0.9426,0.948,0.3415382928930878
0,271.46,270.423,0.9147,0.9185,0.5785977882355342
0,271.46,270.625,0.8258,0.8282,1.2892011543187532
0,271.46,270.581,0.9314,0.9342,0.508105673191151
0,271.46,270.267,0.9331,0.9387,0.3704926758883003
0,271.46,270.462,0.9168,0.9201,0.5675695573921777
0,271.46,270.634,0.8251,0.8275,1.2927821427296784
0,271.46,270.552,0.9335,0.9367,0.5247041038478992
0,271.46,270.355,0.9341,0.9388,0.34210377651899476
0,271.46,270.503,0.9226,0.926,0.5614703797933035
0,271.46,270.643,0.8247,0.827,1.2938645714897545
0,271.46,270.456,0.908,0.9113,0.7316680007953787
0,271.46,270.343,0.9251,0.9298,0.3996158219167606
0,271.46,270.497,0.9211,0.9245,0.5927644506533831
0,271.46,270.629,0.8216,0.8241,1.3063061290042983
0,271.46,270.401,0.881,0.8846,0.8909838731880919
0,271.46,270.319,0.9159,0.9208,0.5422155374159371
0,271.46,270.487,0.9187,0.9221,0.6313339417640071
0,271.46,270.598,0.8218,0.8246,1.3271901719751393
0,271.46,270.421,0.8714,0.8747,0.9607707015137688
0,271.46,270.323,0.9117,0.9165,0.6487950523369347
0,271.46,270.505,0.9239,0.9273,0.6381838854246864
0,271.46,270.593,0.8254,0.8283,1.3137141123625296
0,271.46,270.447,0.8646,0.8677,1.0172249952838124
0,271.46,270.33,0.9016,0.9062,0.7291441011966369
0,271.46,270.502,0.9226,0.9259,0.6597967705587535
0,271.833,270.923,0.8246,0.8272,1.3292734521982532
0,271.501,270.543,0.8551,0.8586,1.0498696802679814
0,271.46,270.336,0.8864,0.8908,0.8230907598415362
0,271.46,270.456,0.9075,0.9108,0.7193520213324631
0,271.967,271.049,0.8201,0.8225,1.3573783606022445
0,271.765,270.866,0.8481,0.8507,1.0515618993234184
0,271.469,270.422,0.8672,0.8705,0.9274824226417788
0,271.637,270.601,0.8983,0.9027,0.7680223113907401
0,272.164,271.224,0.8172,0.8194,1.3781994360969345
0,272.011,271.176,0.852,0.8535,1.0001993035338264
0,271.653,270.78,0.8628,0.8654,0.9580358736163728
0,271.891,270.842,0.8959,0.9002,0.7883103302350957
0,272.35,271.38,0.8149,0.817,1.388407560176003
0,272.229,271.417,0.8602,0.8611,0.9484591578163798
0,272.191,271.306,0.8761,0.878,0.8719174233810731
0,272.149,271.081,0.8955,0.8996,0.7959339835723718
0,271.46,270.312,0.9249,0.9299,0.6611151106647022
0,271.46,270.353,0.9354,0.9401,0.3201518867299231
0,271.46,270.501,0.9661,0.9696,0.09789148180061488
0,271.46,270.374,0.9525,0.9571,0.35444004833454845
0,271.46,270.214,0.9017,0.9076,0.7671260828111538
0,271.46,270.362,0.9334,0.938,0.3653050226122071
0,271.46,270.512,0.9662,0.9698,0.09359975118924405
0,271.46,270.308,0.943,0.9483,0.417553853762498
0,271.46,270.246,0.8943,0.8998,0.8183976689287371
0,271.46,270.399,0.9391,0.9433,0.4199681848541551
0,271.46,270.528,0.9667,0.9701,0.09293719057986165
0,271.46,270.263,0.9331,0.9387,0.4764364997221274
0,271.46,270.305,0.8885,0.8932,0.8651516572937752
0,271.46,270.361,0.9321,0.9367,0.5009032136356453
0,271.46,270.522,0.966,0.9695,0.10457291735709953
0,271.46,270.232,0.9244,0.9303,0.5291035674771711
0,271.46,270.367,0.888,0.8921,0.8749804469416163
0,271.46,270.392,0.9355,0.9398,0.5559622806972822
0,271.46,270.517,0.9654,0.969,0.11335389761029509
0,271.46,270.276,0.9309,0.9364,0.5172404439844391
0,271.46,270.392,0.885,0.8888,0.8774101757480895
0,271.46,270.337,0.925,0.9298,0.6121771960863291
0,271.46,270.518,0.9648,0.9684,0.12368953720179673
0,271.46,270.278,0.9262,0.9316,0.526271305695625
0,271.46,270.464,0.8793,0.8825,0.9223416763114825
0,271.46,270.338,0.921,0.9257,0.6629639071446415
0,271.46,270.494,0.9626,0.9662,0.15518316652475617
0,271.46,270.355,0.923,0.9276,0.5013708554909169
0,271.46,270.483,0.8545,0.8576,1.062477961383347
0,271.46,270.371,0.9229,0.9273,0.6768521870363478
0,271.46,270.442,0.9577,0.9616,0.19489825781485012
0,271.46,270.403,0.921,0.925,0.4956833883130326
0,271.46,270.509,0.83,0.8329,1.216028613236936
0,271.46,270.431,0.925,0.9287,0.6410730473709169
0,271.46,270.44,0.9573,0.9613,0.22557234121743922
0,271.46,270.401,0.9112,0.9152,0.5655097306419624
0,271.46,270.578,0.8307,0.8337,1.2464610238970497
0,271.46,270.479,0.9217,0.925,0.5945389098213967
0,271.46,270.395,0.9526,0.9571,0.2752483263907654
0,271.46,270.396,0.9112,0.9152,0.5968417859309754
0,271.46,270.643,0.8312,0.8335,1.249860757751118
0,271.46,270.526,0.9212,0.9246,0.5679159040039157
0,271.46,270.247,0.9373,0.9432,0.3610503076993673
0,271.46,270.403,0.912,0.9159,0.6115652134011106
0,271.46,270.661,0.8332,0.8353,1.2455057537487317
0,271.46,270.579,0.9309,0.9338,0.5063688925372071
0,271.46,270.277,0.9328,0.9383,0.3632032345398276
0,271.46,270.412,0.9109,0.9147,0.6278615531297641
0,271.46,270.665,0.8335,0.8356,1.2313729968949643
0,271.46,270.553,0.9327,0.9359,0.5156632999036368
0,271.46,270.342,0.9314,0.9362,0.33314587550284763
0,271.46,270.459,0.9146,0.918,0.6002211254607843
0,271.46,270.665,0.834,0.836,1.2323879204417412
0,271.46,270.48,0.9127,0.916,0.6860413087037878
0,271.46,270.359,0.9276,0.9322,0.3674270520514141
0,271.46,270.542,0.9231,0.9264,0.5565071660556867
0,271.46,270.637,0.8292,0.8315,1.2711858279840722
0,271.46,270.421,0.8853,0.8887,0.8675487551814332
0,271.46,270.36,0.9227,0.9272,0.4721073455257402
0,271.46,270.594,0.9282,0.931,0.530203586341921
0,271.46,270.607,0.825,0.8277,1.3061182972778673
0,271.46,270.43,0.8727,0.876,0.9533474224123429
0,271.46,270.329,0.9153,0.92,0.6072507941040008
0,271.46,270.606,0.9299,0.9325,0.5409386487740462
0,271.46,270.589,0.8229,0.8258,1.3275144417308664
0,271.46,270.447,0.8631,0.8662,1.0229127173907502
0,271.46,270.314,0.9053,0.9101,0.69966920406051
0,271.46,270.602,0.9294,0.932,0.5520828723366287
0,271.477,270.605,0.8227,0.8255,1.333476467499095
0,271.495,270.565,0.8568,0.8602,1.0334652506207522
0,271.46,270.324,0.8951,0.8997,0.7762536646051403
0,271.501,270.649,0.9307,0.9333,0.5573203897355368
0,271.642,270.772,0.8215,0.824,1.3352780511183737
0,271.782,270.972,0.8595,0.8612,0.9445429377004378
0,271.463,270.34,0.8802,0.8845,0.8673273238057847
0,271.79,270.917,0.9306,0.9331,0.5738102206156026
0,271.713,270.859,0.8216,0.8238,1.3368504535187857
0,271.767,271.055,0.8724,0.8731,0.8559214410629522
0,271.772,270.716,0.8643,0.8687,0.9393549785094809
0,272.043,271.13,0.929,0.9317,0.6056873142204524
0,272.033,271.128,0.8234,0.8255,1.3493401926243924
0,272.086,271.348,0.8816,0.8821,0.8404311870006579
0,272.178,271.203,0.8612,0.8641,0.9833807161466964
0,272.28,271.315,0.9267,0.9298,0.6430553247031352
0,271.46,270.375,0.9326,0.937,0.6187137809547604
0,271.46,270.354,0.935,0.9397,0.32808910280269
0,271.46,270.505,0.9666,0.9702,0.09106805076147309
0,271.46,270.376,0.9531,0.9577,0.35240061590859273
0,271.46,270.304,0.8968,0.9017,0.783676586805892
0,271.46,270.412,0.9424,0.9465,0.46045591511882245
0,271.46,270.504,0.9653,0.9689,0.10745540016213491
0,271.46,270.259,0.9277,0.9333,0.5248653719669817
0,271.46,270.434,0.8889,0.8922,0.889347993453422
0,271.46,270.392,0.9312,0.9355,0.6286988930980509
0,271.46,270.495,0.9629,0.9665,0.1508681863837294
0,271.46,270.441,0.9363,0.94,0.45054616000367104
0,271.46,270.408,0.8677,0.8711,0.9696623719618831
0,271.46,270.384,0.926,0.9303,0.650534841153707
0,271.46,270.455,0.9584,0.9622,0.19395124736785752
0,271.46,270.4,0.9233,0.9274,0.46698067127918297
0,271.46,270.49,0.8421,0.8451,1.153978371819123
0,271.46,270.448,0.9243,0.9279,0.613266762859896
0,271.46,270.435,0.9567,0.9607,0.23040839634329763
0,271.46,270.415,0.9137,0.9175,0.5416289966502322
0,271.46,270.558,0.8321,0.835,1.2243923256157816
0,271.46,270.496,0.9248,0.9282,0.5609411980645786
0,271.46,270.396,0.9527,0.9571,0.27886913471980745
0,271.46,270.404,0.909,0.9128,0.5970470038188371
0,271.46,270.59,0.8297,0.8326,1.2442502791473133
0,271.46,270.52,0.9204,0.9238,0.5571433670009638
0,271.46,270.247,0.9372,0.9431,0.3575856179225322
0,271.46,270.407,0.9115,0.9153,0.6238043572473781
0,271.46,270.621,0.8279,0.8304,1.2435721168798726
0,271.46,270.575,0.9299,0.9329,0.5095751352398629
0,271.46,270.299,0.9354,0.9407,0.3403789775305533
0,271.46,270.395,0.909,0.9129,0.667948127036246
0,271.46,270.658,0.8336,0.8357,1.2026315816308322
0,271.46,270.567,0.9348,0.9378,0.49507701406698523
0,271.46,270.349,0.9338,0.9385,0.3165755380277669
0,271.46,270.404,0.9082,0.912,0.6830029622755986
0,271.46,270.672,0.836,0.8379,1.184404409252905
0,271.46,270.507,0.92,0.9233,0.6211585505753748
0,271.46,270.378,0.9323,0.9367,0.33045642497692895
0,271.46,270.414,0.9058,0.9095,0.6928470476666344
0,271.46,270.673,0.8396,0.8416,1.179577378615531
0,271.46,270.444,0.8945,0.8977,0.8115245267242127
0,271.46,270.399,0.9307,0.9348,0.388361672946419
0,271.46,270.463,0.9058,0.909,0.6757744489708514
0,271.46,270.657,0.8385,0.8406,1.1886039065328118
0,271.46,270.439,0.8763,0.8794,0.9097879500135114
0,271.46,270.358,0.9227,0.9272,0.5273749955387417
0,271.46,270.522,0.908,0.9113,0.6431868680946093
0,271.46,270.634,0.8301,0.8325,1.2183833929017556
0,271.466,270.45,0.8653,0.8685,0.9995359781372845
0,271.46,270.3,0.9097,0.9148,0.6559969000627126
0,271.46,270.629,0.9312,0.9335,0.5230948896921988
0,271.473,270.658,0.8294,0.8317,1.2172002671656479
0,271.757,270.746,0.8566,0.8605,1.0491739788816772
0,271.46,270.309,0.9032,0.9081,0.7236705704802355
0,271.545,270.731,0.9377,0.9398,0.46256708458036133
0,271.804,270.961,0.8308,0.8327,1.2320850647264865
0,271.791,270.912,0.8569,0.8593,0.9952546996170964
0,271.502,270.37,0.8955,0.9,0.7812670993662464
0,271.821,270.988,0.9357,0.9378,0.4804949702497795
0,271.764,270.916,0.833,0.835,1.269094135102201
0,271.904,271.129,0.862,0.8631,0.9215243737667809
0,271.994,270.822,0.8831,0.8885,0.8631717253088468
0,272.158,271.309,0.9334,0.9354,0.4992253725788113
0,271.976,271.086,0.8347,0.8368,1.284232587071018
0,272.114,271.368,0.8715,0.872,0.8928451102058299
0,272.124,270.956,0.8685,0.8736,0.9147313812565965
0,272.304,271.447,0.9311,0.933,0.51999214818516
0,271.46,270.342,0.8716,0.8757,0.935615832113923
0,271.46,270.396,0.9264,0.9305,0.6287218367128429
0,271.46,270.474,0.9596,0.9632,0.1930324830599644
0,271.46,270.409,0.9255,0.9295,0.4369015922868666
0,271.46,270.439,0.857,0.8601,1.054082892730953
0,271.46,270.456,0.9241,0.9275,0.5869573197779059
0,271.46,270.442,0.957,0.9609,0.22952022352179385
0,271.46,270.447,0.9182,0.9217,0.4905922001906869
0,271.46,270.498,0.8422,0.8452,1.1846871255729532
0,271.46,270.528,0.9341,0.9375,0.5232593699173521
0,271.46,270.401,0.9531,0.9574,0.27299307102833276
0,271.46,270.446,0.9123,0.9157,0.5541179709686794
0,271.46,270.552,0.8266,0.8296,1.2449278805708373
0,271.46,270.532,0.9266,0.93,0.5431366980569308
0,271.46,270.302,0.9428,0.9481,0.33035465729887376
0,271.46,270.456,0.9142,0.9176,0.5772696078681303
0,271.46,270.58,0.8238,0.8267,1.2477494353321474
0,271.46,270.565,0.9286,0.9317,0.5177667705077675
0,271.46,270.306,0.9374,0.9426,0.312491319665737
0,271.46,270.492,0.9181,0.9214,0.5889379655641835
0,271.46,270.612,0.8309,0.8335,1.2256473413449038
0,271.46,270.578,0.9355,0.9384,0.4759777293979086
0,271.46,270.346,0.9358,0.9406,0.296074959338816
0,271.46,270.519,0.9186,0.922,0.5912476227865786
0,271.46,270.597,0.8296,0.8324,1.2309610315449209
0,271.46,270.538,0.9287,0.9321,0.5464324718430861
0,271.46,270.372,0.9348,0.9393,0.30665961362952693
0,271.46,270.53,0.9134,0.9167,0.6042184130156579
0,271.46,270.638,0.8378,0.8401,1.1766471730917287
0,271.46,270.465,0.906,0.9092,0.7346710650425986
0,271.46,270.422,0.9368,0.9408,0.31819311385641375
0,271.46,270.519,0.9084,0.9117,0.6374892037545952
0,271.46,270.674,0.8433,0.8453,1.1273008111842473
0,271.46,270.41,0.8831,0.8866,0.8868134888060653
0,271.46,270.394,0.9307,0.9349,0.41705011395328684
0,271.46,270.504,0.9012,0.9044,0.6869125542361562
0,271.46,270.672,0.8413,0.8433,1.1280661082020873
0,271.46,270.442,0.873,0.8762,0.9332590130166775
0,271.46,270.311,0.9167,0.9216,0.5708085329852702
0,271.46,270.471,0.8918,0.895,0.7479512371706954
0,271.46,270.66,0.8364,0.8385,1.1488418063252996
0,271.47,270.459,0.8608,0.864,1.0137181912273814
0,271.46,270.325,0.9131,0.9179,0.6477894082076958
0,271.677,270.656,0.888,0.8922,0.7794286020200579
0,271.98,271.097,0.8376,0.8397,1.1826563607348075
0,271.976,270.937,0.8491,0.853,1.0733659812474192
0,271.894,270.744,0.9089,0.9143,0.6988753040028961
0,272.227,271.252,0.9177,0.9209,0.6618820902142935
0,271.975,271.07,0.8419,0.8443,1.2030912187138318
0,272.229,271.292,0.8518,0.8541,1.0411523812922865
0,272.511,271.303,0.9027,0.908,0.7510529079757104
0,272.806,271.922,0.9399,0.9425,0.46699443744805824
0,272.579,271.571,0.8457,0.8497,1.2036849484788386
0,272.928,272.055,0.8642,0.8663,0.9308940361897283
0,272.675,271.465,0.8991,0.9043,0.7841197554720523
0,272.815,271.959,0.9411,0.9433,0.43241728826867476
0,271.46,270.363,0.9523,0.9571,0.2767772378946939
0,271.46,270.56,0.9645,0.9676,0.1320656391326294
0,271.46,270.232,0.9047,0.9105,0.6372340197722974
0,271.46,270.575,0.9627,0.9657,0.16749109022958913
0,271.46,270.344,0.9503,0.9553,0.27422310371023745
0,271.46,270.502,0.9603,0.9638,0.19294478746564833
0,271.46,270.334,0.9068,0.9114,0.6469952532210287
0,271.46,270.503,0.9581,0.9617,0.2738777768147125
0,271.46,270.335,0.9492,0.9543,0.26000953434659135
0,271.46,270.303,0.9437,0.949,0.3408785874891017
0,271.46,270.34,0.916,0.9207,0.5719010569358547
0,271.46,270.444,0.9531,0.957,0.35596697139186156
0,271.46,270.291,0.946,0.9515,0.24363314689521914
0,271.46,270.186,0.9326,0.9391,0.44784375908184754
0,271.46,270.354,0.922,0.9265,0.5217952613787584
0,271.46,270.419,0.9483,0.9524,0.4185872341727297
0,271.46,270.274,0.945,0.9507,0.23349334380241976
0,271.46,270.193,0.9308,0.9372,0.48132078742485973
0,271.46,270.36,0.9236,0.9281,0.5040473556209306
0,271.46,270.376,0.9402,0.9447,0.473567528156914
0,271.46,270.276,0.9457,0.9514,0.2327949401681512
0,271.46,270.217,0.9295,0.9357,0.4792545874483133
0,271.46,270.373,0.9246,0.9289,0.4945522681037867
0,271.46,270.33,0.9303,0.9352,0.5203638347447905
0,271.46,270.317,0.9492,0.9545,0.23500925392463282
0,271.46,270.24,0.9279,0.9338,0.4750683974649855
0,271.46,270.39,0.9256,0.9298,0.4901047758408835
0,271.46,270.302,0.9239,0.9291,0.5560462543274207
0,271.46,270.412,0.9561,0.9603,0.2199267843759082
0,271.46,270.238,0.925,0.9309,0.49294019874268996
0,271.46,270.408,0.9266,0.9306,0.4997064237022837
0,271.46,270.323,0.9244,0.9293,0.5558030520106254
0,271.46,270.453,0.9589,0.9627,0.19994773954408485
0,271.46,270.245,0.9232,0.929,0.5097655162568258
0,271.46,270.41,0.9256,0.9296,0.5328408273977352
0,271.46,270.359,0.9259,0.9304,0.5463105137840139
0,271.46,270.472,0.96,0.9636,0.19558748400320194
0,271.46,270.261,0.9227,0.9283,0.5068351067897805
0,271.46,270.393,0.9203,0.9244,0.5787234682587836
0,271.46,270.383,0.9245,0.9288,0.5374948121937665
0,271.46,270.481,0.9604,0.9639,0.19617968419388887
0,271.46,270.277,0.9234,0.9289,0.49815477252680596
0,271.46,270.386,0.9138,0.9179,0.6240172230068372
0,271.46,270.42,0.9252,0.9291,0.5231285403272269
0,271.46,270.484,0.9604,0.9639,0.20610815110154848
0,271.46,270.272,0.9236,0.9291,0.5134523002248474
0,271.46,270.387,0.9071,0.9112,0.670927482881514
0,271.46,270.457,0.9271,0.9306,0.5044205717548806
0,271.46,270.469,0.9594,0.9631,0.23802654321302383
0,271.46,270.244,0.9239,0.9297,0.5359658497040274
0,271.46,270.388,0.9019,0.9059,0.7119060535452985
0,271.46,270.455,0.9245,0.928,0.49879454247882815
0,271.46,270.435,0.9573,0.9613,0.28446758067229894
0,271.477,270.219,0.9238,0.9301,0.5609529757868387
0,271.46,270.381,0.8973,0.9013,0.7453657467126898
0,271.46,270.449,0.9227,0.9262,0.5116455160528826
0,271.554,270.482,0.9544,0.9588,0.3273231939551223
0,271.779,270.52,0.9273,0.9339,0.5329485094298259
0,271.489,270.404,0.8948,0.8988,0.7581756767091717
0,271.604,270.564,0.9198,0.9243,0.5403948851034757
0,272.201,271.054,0.9489,0.9543,0.3515185103985562
0,272.315,271.093,0.9312,0.9372,0.47062778828651985
0,272.421,271.262,0.8946,0.8994,0.7550224592495908
0,272.39,271.293,0.9179,0.9222,0.5640398097209546
0,272.332,271.157,0.9446,0.9502,0.37421285556229694
0,272.467,271.253,0.9298,0.9354,0.4674970045836243
0,272.571,271.407,0.8956,0.9002,0.7391809129519256
0,272.957,271.817,0.9137,0.9188,0.5908239307000862
0,272.688,271.489,0.9403,0.9459,0.40624290659909346
0,272.817,271.575,0.9261,0.9325,0.5079483819652991
0,272.609,271.466,0.8975,0.9021,0.7156524909117793
0,273.052,271.913,0.9095,0.9145,0.6152881972946929
0,271.46,270.352,0.9508,0.9556,0.28391780067607186
0,271.46,270.533,0.9622,0.9656,0.17067311467218674
0,271.46,270.217,0.905,0.9109,0.6496149041721689
0,271.46,270.569,0.9624,0.9654,0.15871592235880755
0,271.46,270.291,0.9448,0.9503,0.29492487240800885
0,271.46,270.342,0.9475,0.9525,0.3400092794175381
0,271.46,270.325,0.8975,0.9021,0.7152091692881871
0,271.46,270.536,0.9605,0.9639,0.22665680940994126
0,271.46,270.258,0.9412,0.947,0.30212661816216546
0,271.46,270.185,0.933,0.9395,0.4506214660459994
0,271.46,270.348,0.8989,0.9033,0.6951806682200343
0,271.46,270.461,0.9548,0.9585,0.33092682006597574
0,271.46,270.256,0.9392,0.9451,0.3014179153941458
0,271.46,270.196,0.931,0.9373,0.4796079191161099
0,271.46,270.367,0.9033,0.9075,0.6613184420775698
0,271.46,270.417,0.9494,0.9535,0.40407463302962787
0,271.46,270.269,0.9391,0.9447,0.290220156730382
0,271.46,270.228,0.9293,0.9354,0.46977759989394957
0,271.46,270.371,0.9056,0.9098,0.6394493532449921
0,271.46,270.41,0.9464,0.9506,0.4402883247592195
0,271.46,270.296,0.9421,0.9475,0.2778038371921095
0,271.46,270.226,0.9252,0.9312,0.4985807589747774
0,271.46,270.377,0.9064,0.9105,0.6384666017447345
0,271.46,270.398,0.9419,0.9462,0.4785021898405673
0,271.46,270.359,0.9488,0.9535,0.24293872015418114
0,271.46,270.212,0.9196,0.9257,0.5551441623796098
0,271.46,270.377,0.9041,0.9083,0.6591013241015027
0,271.46,270.375,0.9349,0.9393,0.5100545038315837
0,271.46,270.414,0.9537,0.9579,0.20628043215573105
0,271.46,270.242,0.9122,0.9179,0.629207425573463
0,271.46,270.382,0.899,0.903,0.6982721928487302
0,271.46,270.351,0.9282,0.9329,0.5197685754054648
0,271.46,270.459,0.9576,0.9614,0.18905462109894816
0,271.46,270.286,0.9073,0.9124,0.6833326875130652
0,271.46,270.393,0.8927,0.8965,0.7481781240280829
0,271.46,270.386,0.9296,0.9339,0.5078427393656345
0,271.46,270.499,0.9607,0.9643,0.18360077090545704
0,271.46,270.297,0.906,0.911,0.6810232852197233
0,271.46,270.395,0.8851,0.8888,0.8040820259721719
0,271.46,270.41,0.9296,0.9337,0.4909121361525088
0,271.46,270.489,0.96,0.9636,0.2143294091254404
0,271.46,270.322,0.9103,0.9151,0.6162164959491775
0,271.46,270.386,0.8777,0.8814,0.860621211116946
0,271.46,270.445,0.9306,0.9342,0.4627100997792315
0,271.46,270.416,0.9554,0.9596,0.31222140078416183
0,271.46,270.34,0.9146,0.9193,0.5634232383127775
0,271.46,270.392,0.8754,0.8791,0.8978946429208751
0,271.46,270.485,0.9323,0.9358,0.4411815961617882
0,271.46,270.279,0.9437,0.9493,0.3732217933749038
0,271.46,270.32,0.9166,0.9214,0.5545287636450777
0,271.46,270.405,0.8713,0.8748,0.9293016473515421
0,271.46,270.51,0.9349,0.9383,0.4157817399417742
0,271.461,270.235,0.9395,0.9455,0.3700870327787777
0,271.606,270.387,0.9186,0.9242,0.588551340162033
0,271.46,270.42,0.8637,0.8669,0.9590980100238105
0,271.47,270.541,0.9377,0.9411,0.3959084906670474
0,271.528,270.339,0.9427,0.9483,0.37023285219723345
0,271.977,270.706,0.9231,0.9298,0.579159498911453
0,271.461,270.448,0.8597,0.8628,0.983723901638174
0,271.784,270.856,0.9407,0.9439,0.3867478700677602
0,271.926,270.746,0.9448,0.9506,0.3799900067811129
0,272.332,271.065,0.9262,0.9326,0.5455463384540082
0,272.325,271.236,0.8577,0.8615,0.9969825067683663
0,272.66,271.696,0.9427,0.9463,0.3930446176828989
0,272.449,271.243,0.9422,0.9479,0.38662377060464065
0,272.66,271.416,0.9265,0.9323,0.5220632937853396
0,272.886,271.758,0.8596,0.8644,0.9966832200598572
0,273.236,272.229,0.941,0.9446,0.42144243956906796
0,272.897,271.685,0.9393,0.9453,0.4092976704583114
0,273.111,271.849,0.921,0.9273,0.5622398576476166
0,272.942,271.823,0.8606,0.8653,0.9896716513794213
0,273.266,272.241,0.9369,0.9407,0.4672952537308867
0,271.46,270.35,0.9491,0.954,0.2887756267430774
0,271.46,270.411,0.9538,0.958,0.31737050878740447
0,271.46,270.2,0.9045,0.9106,0.6523044056838981
0,271.46,270.565,0.9621,0.9651,0.16193440165601913
0,271.46,270.27,0.9407,0.9464,0.31357410532648766
0,271.46,270.192,0.9345,0.9409,0.44345693993361646
0,271.46,270.297,0.8977,0.9026,0.7303226382097863
0,271.46,270.566,0.9622,0.9652,0.1898259344424447
0,271.46,270.268,0.9378,0.9434,0.3332243936512469
0,271.46,270.203,0.9318,0.9381,0.47487031759061454
0,271.46,270.317,0.8941,0.8988,0.7480351088292131
0,271.46,270.488,0.957,0.9606,0.2976746901337358
0,271.46,270.267,0.9357,0.9414,0.34319364920742557
0,271.46,270.234,0.9302,0.9362,0.4657183645791377
0,271.46,270.341,0.8932,0.8976,0.7543894704103848
0,271.46,270.414,0.9501,0.9543,0.3970329827209088
0,271.46,270.26,0.9347,0.9404,0.33744244976623017
0,271.46,270.242,0.9265,0.9323,0.4799186776320151
0,271.46,270.352,0.8916,0.8958,0.7612279422636679
0,271.46,270.403,0.947,0.9513,0.43699030759739566
0,271.46,270.283,0.9378,0.9433,0.3097775489081389
0,271.46,270.222,0.9197,0.9257,0.5598580555031535
0,271.46,270.359,0.8902,0.8944,0.776489270036149
0,271.46,270.409,0.9456,0.9498,0.4550127719455676
0,271.46,270.365,0.9468,0.9515,0.2487258645918841
0,271.46,270.261,0.9077,0.9131,0.6440060571143051
0,271.46,270.354,0.8875,0.8917,0.7988422142117851
0,271.46,270.413,0.9438,0.9479,0.47305665033421196
0,271.46,270.471,0.9572,0.9609,0.19641202653301587
0,271.46,270.315,0.9059,0.9108,0.6898259854282554
0,271.46,270.349,0.8846,0.8888,0.8234566340187526
0,271.46,270.414,0.941,0.9451,0.4814486598379671
0,271.46,270.518,0.9611,0.9646,0.17095975689965484
0,271.46,270.28,0.9052,0.9104,0.7022346570949304
0,271.46,270.348,0.8833,0.8875,0.8490499813901792
0,271.46,270.436,0.9416,0.9455,0.46771945567548556
0,271.46,270.507,0.9605,0.9641,0.20614022117644662
0,271.46,270.266,0.9044,0.9097,0.7099730285061668
0,271.46,270.346,0.8812,0.8854,0.871041691097368
0,271.46,270.448,0.9405,0.9442,0.4563845451810761
0,271.46,270.37,0.9511,0.9557,0.35494215659781886
0,271.46,270.289,0.9017,0.9068,0.7083771726328564
0,271.46,270.351,0.8789,0.8831,0.8907117619166586
0,271.46,270.462,0.9396,0.9431,0.44585419077870625
0,271.46,270.211,0.9358,0.9421,0.40566691989619297
0,271.46,270.3,0.9053,0.9103,0.6740471516776881
0,271.46,270.367,0.8769,0.8809,0.9091515451249919
0,271.46,270.471,0.9378,0.9413,0.4380737560736847
0,271.46,270.234,0.9344,0.9404,0.3968094099412135
0,271.46,270.256,0.9119,0.9175,0.6464492971606003
0,271.46,270.381,0.8726,0.8764,0.9336150469324389
0,271.46,270.481,0.9367,0.9402,0.43492436254990247
0,271.46,270.241,0.93,0.9359,0.4189442368188933
0,271.469,270.234,0.9187,0.9247,0.6205895489285332
0,271.46,270.399,0.8677,0.8712,0.9633435984765442
0,271.46,270.483,0.934,0.9375,0.44083489264937575
0,271.755,270.523,0.93,0.9364,0.44057012333467593
0,271.773,270.521,0.9225,0.929,0.590743220161829
0,271.46,270.42,0.8633,0.8665,0.9917207711094005
0,271.558,270.582,0.9314,0.9353,0.44162746707591277
0,272.398,271.157,0.9367,0.9429,0.42104255785614864
0,272.061,270.821,0.924,0.9303,0.567118180010503
0,272.063,270.974,0.8594,0.8637,1.0164524582808605
0,272.085,271.108,0.9332,0.9367,0.42569083224138726
0,272.702,271.529,0.9426,0.9483,0.3956773210015653
0,272.524,271.289,0.9214,0.9272,0.5821982532261272
0,272.414,271.308,0.8576,0.8614,1.037457592551993
0,272.633,271.654,0.9362,0.9399,0.401922521962138
0,272.961,271.767,0.9371,0.9429,0.41984739946872784
0,272.871,271.622,0.908,0.9144,0.6590208684922987
0,272.72,271.591,0.8547,0.8598,1.057468860416146
0,272.733,271.784,0.9423,0.9456,0.3854423783860951
0,271.46,270.277,0.9405,0.9461,0.3051027619013629
0,271.46,270.201,0.9371,0.9435,0.41909331932923066
0,271.46,270.194,0.9039,0.9101,0.6543545451300903
0,271.46,270.564,0.9614,0.9644,0.17325044740048842
0,271.46,270.29,0.9381,0.9435,0.32695808456506553
0,271.46,270.195,0.9326,0.939,0.4666236176472087
0,271.46,270.269,0.8991,0.9043,0.7238851697572566
0,271.46,270.58,0.9623,0.9652,0.17378401390892917
0,271.46,270.3,0.9379,0.9432,0.33666833220314796
0,271.46,270.233,0.9313,0.9373,0.46262225122748335
0,271.46,270.279,0.8946,0.8997,0.7538895545369726
0,271.46,270.537,0.9598,0.9632,0.248276577628446
0,271.46,270.276,0.9368,0.9423,0.33948947907797267
0,271.46,270.278,0.9304,0.9358,0.4320116451591523
0,271.46,270.295,0.8928,0.8977,0.7741885353306174
0,271.46,270.442,0.9528,0.9567,0.36188647499400917
0,271.46,270.253,0.9366,0.9424,0.33553807875268304
0,271.46,270.276,0.9238,0.9292,0.4854993295365901
0,271.46,270.302,0.8913,0.8962,0.7891289074250637
0,271.46,270.408,0.9485,0.9528,0.41652842713872734
0,271.46,270.281,0.9396,0.9451,0.302935253119057
0,271.46,270.334,0.9161,0.9208,0.5485226351506377
0,271.46,270.31,0.8907,0.8954,0.8030898420969447
0,271.46,270.425,0.9482,0.9523,0.41818852513345534
0,271.46,270.446,0.9544,0.9583,0.2261749934993092
0,271.46,270.42,0.9143,0.9181,0.5861985999296396
0,271.46,270.311,0.8892,0.8939,0.8193504917581436
0,271.46,270.437,0.9481,0.952,0.4186382199833786
0,271.46,270.529,0.9614,0.9649,0.16831323642630253
0,271.46,270.392,0.9107,0.9147,0.6335172561476142
0,271.46,270.313,0.8881,0.8928,0.8323080256764543
0,271.46,270.444,0.9481,0.9519,0.4143011120005301
0,271.46,270.543,0.9624,0.9657,0.16370829998011555
0,271.46,270.326,0.9056,0.9103,0.6891555220182225
0,271.46,270.326,0.8878,0.8923,0.8362986850759435
0,271.46,270.455,0.9484,0.9522,0.4029529451953523
0,271.46,270.419,0.9543,0.9584,0.32661382837156416
0,271.46,270.271,0.9056,0.9109,0.7003803031616302
0,271.46,270.333,0.8859,0.8903,0.8425638214884797
0,271.46,270.473,0.9493,0.9528,0.3847767586280738
0,271.46,270.192,0.934,0.9405,0.43004935426470825
0,271.46,270.247,0.9107,0.9163,0.6740945684815915
0,271.46,270.337,0.8829,0.8872,0.8627932066505893
0,271.46,270.489,0.9498,0.9533,0.36781123013465356
0,271.46,270.217,0.9306,0.9368,0.4313023305614048
0,271.46,270.23,0.9138,0.9196,0.6525660648641483
0,271.46,270.338,0.879,0.8833,0.8931228809022448
0,271.46,270.499,0.9497,0.9532,0.35708024656738035
0,271.46,270.264,0.9234,0.929,0.46069157153564166
0,271.46,270.236,0.9173,0.9231,0.6254194347713032
0,271.46,270.353,0.876,0.8801,0.923955530175952
0,271.46,270.513,0.9497,0.9532,0.34768381659384195
0,271.46,270.393,0.9299,0.9341,0.4566553818072431
0,271.538,270.327,0.9199,0.9255,0.600174830344715
0,271.46,270.373,0.8734,0.8772,0.9473603116252749
0,271.462,270.532,0.9494,0.9529,0.344469161232429
0,271.457,270.339,0.934,0.9388,0.44340875834255333
0,271.892,270.67,0.9196,0.9258,0.5991969224964693
0,271.48,270.406,0.8714,0.8751,0.9684888315581773
0,271.637,270.708,0.9485,0.9518,0.350670310452601
0,271.88,270.74,0.9379,0.9433,0.4304010034007536
0,271.894,270.697,0.9173,0.9232,0.6200814753254169
0,272.173,271.039,0.8705,0.8751,0.9872564535289827
0,272.143,271.195,0.946,0.9492,0.3776453732926127
0,272.294,271.157,0.9366,0.9416,0.42664181958161035
0,272.123,270.949,0.9053,0.9107,0.6759922603539434
0,272.482,271.324,0.8682,0.8726,1.001646178868421
0,272.635,271.65,0.9401,0.9439,0.4152757057710838
0,272.841,271.652,0.9265,0.9323,0.48165321491029045
0,272.946,271.829,0.9078,0.9127,0.6341015535376504
0,273.284,272.048,0.8654,0.8709,1.0166572682822372
0,273.311,272.255,0.9302,0.9342,0.44209883089536184
0,271.46,270.247,0.9387,0.9446,0.36606904498478077
0,271.46,270.323,0.9484,0.9535,0.38809929996481973
0,271.46,270.166,0.9245,0.9311,0.5367570475136769
0,271.46,270.563,0.9618,0.9648,0.1660948438049691
0,271.46,270.294,0.937,0.9424,0.35307199706321735
0,271.46,270.179,0.9335,0.9401,0.4494107569863308
0,271.46,270.179,0.9067,0.913,0.6501431171704913
0,271.46,270.568,0.9608,0.9638,0.18157872464093244
0,271.46,270.305,0.938,0.9432,0.32527963167850393
0,271.46,270.193,0.9308,0.9372,0.47177695747273535
0,271.46,270.234,0.9009,0.9065,0.7141507038591162
0,271.46,270.583,0.9615,0.9644,0.17560012848424283
0,271.46,270.28,0.938,0.9435,0.32143912549137577
0,271.46,270.276,0.9323,0.9379,0.418989869119424
0,271.46,270.243,0.897,0.9026,0.7457443163567581
0,271.46,270.581,0.9621,0.9649,0.19600668933835713
0,271.46,270.272,0.939,0.9446,0.3187868436214201
0,271.46,270.338,0.9317,0.9365,0.39234442954525756
0,271.46,270.263,0.8959,0.9012,0.7689255250263851
0,271.46,270.524,0.9582,0.9617,0.27581324917275524
0,271.46,270.253,0.9384,0.9442,0.3190875069468167
0,271.46,270.361,0.9215,0.926,0.47658344082841736
0,271.46,270.274,0.8949,0.9001,0.7866928053922594
0,271.46,270.46,0.9531,0.9568,0.3513155358863629
0,271.46,270.303,0.9423,0.9476,0.28901352653556517
0,271.46,270.447,0.9197,0.9232,0.513943038652343
0,271.46,270.282,0.894,0.899,0.7971795669265244
0,271.46,270.455,0.9514,0.9552,0.3701823252588805
0,271.46,270.504,0.9595,0.963,0.2031089617759378
0,271.46,270.486,0.9207,0.9241,0.49917601831410324
0,271.46,270.289,0.8932,0.8982,0.7943404220605406
0,271.46,270.469,0.9515,0.9551,0.36477961383347013
0,271.46,270.547,0.9626,0.9658,0.1533399274981773
0,271.46,270.507,0.9199,0.9233,0.49758679059617705
0,271.46,270.299,0.8926,0.8974,0.7927537436331469
0,271.46,270.487,0.9522,0.9558,0.3504569348350354
0,271.46,270.516,0.9604,0.964,0.2123397388506779
0,271.46,270.516,0.92,0.9234,0.5097938133817359
0,271.46,270.305,0.8913,0.8961,0.800772282073899
0,271.46,270.496,0.9526,0.9561,0.33724039299862857
0,271.46,270.248,0.939,0.9449,0.4095728408783835
0,271.46,270.494,0.9187,0.922,0.5430431900802007
0,271.46,270.304,0.889,0.8938,0.8239975934697373
0,271.46,270.509,0.9532,0.9568,0.322085880499457
0,271.46,270.196,0.9315,0.9379,0.4495922154864302
0,271.46,270.447,0.9148,0.9182,0.5910565279682665
0,271.46,270.305,0.8864,0.8911,0.8548001611151615
0,271.46,270.526,0.9544,0.9579,0.30038478991296724
0,271.46,270.244,0.9267,0.9326,0.4573316066138792
0,271.46,270.411,0.9131,0.9169,0.6153627385498617
0,271.46,270.311,0.8835,0.8881,0.883935492752367
0,271.46,270.541,0.9554,0.9587,0.28054264198273626
0,271.46,270.306,0.9154,0.9204,0.5229860349864633
0,271.464,270.395,0.9118,0.9158,0.6263359047177169
0,271.46,270.326,0.8811,0.8856,0.9083018665905278
0,271.46,270.551,0.9556,0.9588,0.26882890691520556
0,271.46,270.401,0.9209,0.9249,0.5101827331453656
0,271.688,270.612,0.9104,0.9152,0.6332263820978621
0,271.46,270.346,0.8802,0.8844,0.9266804668260823
0,271.464,270.559,0.9553,0.9585,0.26720016519402645
0,271.551,270.457,0.9211,0.9254,0.5099758327257524
0,272.021,270.976,0.9106,0.9147,0.6177442857652715
0,271.46,270.357,0.8785,0.8826,0.9436753121606258
0,271.736,270.826,0.9542,0.9573,0.27686707489305734
0,272.487,271.33,0.9194,0.9243,0.523304543345587
0,272.298,271.309,0.9128,0.9161,0.5871237374638639
0,272.01,270.866,0.8772,0.8822,0.9571529013475549
0,272.33,271.401,0.9525,0.9555,0.2970151376871817
0,273.076,271.911,0.9162,0.9215,0.5490243355274227
0,272.951,271.988,0.9251,0.9284,0.5429116466887265
0,273.213,271.961,0.8766,0.8824,0.9661119750373471
0,273.335,272.364,0.9498,0.953,0.32899369305522275
0,273.456,272.286,0.912,0.9169,0.601745193312701
0,273.588,272.614,0.9336,0.9372,0.5177486195591766
0,273.921,272.606,0.8749,0.8816,0.9706627135668142
0,274.051,273.028,0.9452,0.949,0.3785442531343528
0,271.46,270.208,0.9397,0.9461,0.33644445350858854
0,271.46,270.298,0.9494,0.9549,0.3509979452718309
0,271.46,270.142,0.9315,0.9385,0.46468452529661
0,271.46,270.556,0.9607,0.9639,0.17497172836799518
0,271.46,270.221,0.9342,0.9403,0.38876915154512504
0,271.46,270.186,0.9368,0.9433,0.41826352526091987
0,271.46,270.148,0.9242,0.931,0.5412618988135602
0,271.46,270.565,0.9608,0.9638,0.17490952567900353
0,271.46,270.222,0.931,0.9371,0.40981278010329725
0,271.46,270.165,0.9316,0.9383,0.4620743577062504
0,271.46,270.168,0.9124,0.9189,0.6357727664391002
0,271.46,270.579,0.9613,0.9642,0.17524016866106168
0,271.46,270.277,0.9358,0.9413,0.32407019726410147
0,271.46,270.205,0.9294,0.9357,0.46115916240510274
0,271.46,270.201,0.9047,0.9108,0.6991761712715351
0,271.46,270.589,0.9618,0.9646,0.17157403394635276
0,271.46,270.282,0.939,0.9445,0.3067324723529442
0,271.46,270.337,0.9337,0.9385,0.3821781138309208
0,271.46,270.216,0.9009,0.9068,0.7364238552410864
0,271.46,270.605,0.9633,0.9659,0.16102965844605446
0,271.46,270.271,0.9396,0.9453,0.3072716473005563
0,271.46,270.399,0.9301,0.9342,0.406405041476957
0,271.46,270.229,0.8987,0.9044,0.7591145804122712
0,271.46,270.591,0.962,0.9648,0.19068142535932253
0,271.46,270.272,0.9401,0.9458,0.30385126419317504
0,271.46,270.441,0.9235,0.9272,0.4959083377096155
0,271.46,270.244,0.897,0.9025,0.770254725110002
0,271.46,270.56,0.9592,0.9623,0.23966757251456916
0,271.46,270.395,0.9506,0.955,0.26056991939143337
0,271.46,270.461,0.9214,0.9248,0.5466642023524854
0,271.46,270.271,0.8977,0.9029,0.762942085217684
0,271.46,270.54,0.957,0.9603,0.2710434756007403
0,271.46,270.517,0.9608,0.9643,0.18080394426231178
0,271.46,270.433,0.9177,0.9214,0.5717900098402614
0,271.46,270.286,0.8979,0.9029,0.7575036837248195
0,271.46,270.54,0.9562,0.9595,0.2755450128229314
0,271.46,270.555,0.9632,0.9664,0.1459750271499442
0,271.46,270.436,0.9151,0.9187,0.5847164424140762
0,271.46,270.291,0.8971,0.9021,0.7642649120749696
0,271.46,270.548,0.9562,0.9595,0.2660591027517042
0,271.46,270.44,0.9554,0.9594,0.3020323963840864
0,271.46,270.451,0.9124,0.9158,0.5920097076983476
0,271.46,270.308,0.8971,0.9019,0.7677120627329412
0,271.46,270.551,0.9559,0.9591,0.25732982211050665
0,271.46,270.196,0.9338,0.9402,0.4311627314118482
0,271.46,270.471,0.9116,0.9149,0.5812904508675236
0,271.46,270.328,0.8968,0.9014,0.7698384259660536
0,271.46,270.561,0.956,0.9591,0.24545038315836706
0,271.46,270.212,0.9301,0.9363,0.4584379987049604
0,271.46,270.519,0.9169,0.9202,0.5417101660607853
0,271.46,270.356,0.8963,0.9006,0.7754642003130529
0,271.46,270.573,0.9563,0.9593,0.23108895494383916
0,271.46,270.253,0.9223,0.928,0.49357104617784886
0,271.46,270.579,0.9284,0.9313,0.4979039223384133
0,271.46,270.389,0.8957,0.8996,0.7775745030158107
0,271.46,270.583,0.9569,0.9597,0.21646469487541622
0,271.46,270.349,0.9112,0.9157,0.5878608903142256
0,271.46,270.616,0.9348,0.9373,0.4721181035317872
0,271.46,270.427,0.8967,0.9002,0.7737074842071452
0,271.46,270.592,0.9576,0.9603,0.2014636496662979
0,271.46,270.43,0.9076,0.9112,0.6268000285520541
0,271.467,270.646,0.937,0.9392,0.4465609560859212
0,271.46,270.449,0.8974,0.9006,0.7728950253144551
0,271.46,270.599,0.9581,0.9608,0.1885976352781021
0,271.46,270.436,0.9089,0.9124,0.6223345382979918
0,271.808,270.973,0.9351,0.9372,0.4675145946882983
0,271.46,270.457,0.8976,0.9009,0.7775245369213748
0,271.521,270.664,0.958,0.9606,0.1859096633406923
0,271.63,270.62,0.9104,0.9146,0.6144844569756237
0,272.14,271.279,0.9372,0.9393,0.46963076075928073
0,271.517,270.503,0.8964,0.9002,0.8021533347269454
0,272.111,271.239,0.9574,0.9598,0.1976325758541398
0,272.412,271.383,0.9114,0.915,0.6168912421673048
0,272.935,272.002,0.9332,0.9362,0.5189715142275906
0,273.206,272.03,0.8948,0.8999,0.8384577811994923
0,273.323,272.4,0.955,0.9578,0.23971600903468562
0,273.092,272.031,0.9117,0.9158,0.6363181106698007
0,273.26,272.245,0.9233,0.9268,0.5792696282624546
0,273.24,272.049,0.8936,0.8988,0.8698229772654272
0,273.083,272.136,0.951,0.9541,0.3011987783799769
0,271.46,270.386,0.9557,0.9602,0.30072007260379435
0,271.46,270.391,0.9549,0.9594,0.3400529232714536
0,271.46,270.198,0.9391,0.9456,0.4269922450582003
0,271.46,270.539,0.9593,0.9626,0.19076330857122464
0,271.46,270.257,0.9416,0.9475,0.3419576511856751
0,271.46,270.262,0.9435,0.9493,0.40332978132185815
0,271.46,270.149,0.9299,0.9368,0.4932490707836009
0,271.46,270.544,0.959,0.9623,0.1881342252451143
0,271.46,270.22,0.9338,0.9399,0.38633947372446253
0,271.46,270.176,0.9342,0.9408,0.44490870990603326
0,271.46,270.147,0.9233,0.9301,0.5495498972635915
0,271.46,270.571,0.9608,0.9637,0.1731107462793105
0,271.46,270.223,0.9312,0.9373,0.4156223073118751
0,271.46,270.171,0.9294,0.936,0.4790373369091382
0,271.46,270.198,0.9187,0.9249,0.5891159060433483
0,271.46,270.584,0.9617,0.9645,0.16693789418404859
0,271.46,270.268,0.9348,0.9405,0.3505302524307485
0,271.46,270.246,0.9281,0.9339,0.46450128229313786
0,271.46,270.26,0.9164,0.9219,0.6062930256509613
0,271.46,270.599,0.9627,0.9654,0.15927676627594545
0,271.46,270.302,0.9399,0.9452,0.29356406112178984
0,271.46,270.361,0.9296,0.9342,0.41302473321674577
0,271.46,270.312,0.9144,0.9193,0.6132908281625225
0,271.46,270.611,0.9635,0.9661,0.1511977586637639
0,271.46,270.278,0.9398,0.9454,0.2973255393024122
0,271.46,270.451,0.9257,0.9292,0.4476826439201971
0,271.46,270.348,0.913,0.9176,0.6075217836875998
0,271.46,270.609,0.9628,0.9653,0.16083611630883127
0,271.46,270.279,0.9406,0.9462,0.29375107707524994
0,271.46,270.536,0.9357,0.939,0.46357594081567105
0,271.46,270.387,0.9136,0.9177,0.5850204708029756
0,271.46,270.6,0.9612,0.9639,0.17619508190870478
0,271.46,270.442,0.9551,0.9591,0.23063202010880374
0,271.46,270.545,0.9356,0.9389,0.5167181963259626
0,271.46,270.428,0.9152,0.9189,0.5503179985010173
0,271.46,270.598,0.9602,0.9629,0.18314419297109613
0,271.46,270.536,0.9621,0.9655,0.15892302672166334
0,271.46,270.497,0.929,0.9324,0.5706359460162237
0,271.46,270.462,0.9173,0.9207,0.5187167381317779
0,271.46,270.603,0.9598,0.9624,0.1828887540597452
0,271.46,270.548,0.9628,0.966,0.16083326110343493
0,271.46,270.467,0.9252,0.9286,0.6098962948611402
0,271.46,270.491,0.919,0.9223,0.49172535983235865
0,271.46,270.601,0.9593,0.9619,0.18297364543447558
0,271.46,270.334,0.9469,0.9519,0.3664172270857021
0,271.46,270.462,0.9233,0.9266,0.6398848740395547
0,271.46,270.519,0.9201,0.9235,0.4721824986106367
0,271.46,270.597,0.9581,0.9608,0.1878840888580708
0,271.46,270.187,0.9323,0.9388,0.44260415126470304
0,271.46,270.461,0.9206,0.9239,0.6654172933672559
0,271.46,270.546,0.9203,0.9236,0.46411909265651363
0,271.46,270.598,0.9573,0.96,0.19216383780393917
0,271.46,270.224,0.9286,0.9347,0.4654143361902382
0,271.46,270.457,0.9148,0.9182,0.6915462466795492
0,271.46,270.562,0.9181,0.9212,0.4720369341212341
0,271.46,270.595,0.956,0.9587,0.20569929588595498
0,271.46,270.277,0.9198,0.9252,0.5175024600653637
0,271.46,270.461,0.9067,0.91,0.7066696578342249
0,271.46,270.582,0.9168,0.9197,0.47439145885700007
0,271.46,270.584,0.9545,0.9573,0.21822217576848363
0,271.46,270.373,0.9079,0.9121,0.6244673767290563
0,271.46,270.48,0.9025,0.9058,0.7047003308979112
0,271.46,270.607,0.9188,0.9214,0.47535152167151884
0,271.46,270.572,0.9531,0.9561,0.22802929644679884
0,271.46,270.433,0.9058,0.9093,0.6665510648386554
0,271.469,270.514,0.8977,0.901,0.7008032304609627
0,271.46,270.629,0.9205,0.9229,0.4597952409844341
0,271.46,270.566,0.9523,0.9553,0.2220970973777998
0,271.46,270.443,0.9052,0.9086,0.682831700937629
0,271.742,270.776,0.8946,0.8982,0.7236826031315485
0,271.46,270.639,0.9201,0.9223,0.45997496596697146
0,271.46,270.566,0.9519,0.9549,0.21830706714321405
0,271.614,270.61,0.9039,0.908,0.6873732620211797
0,272.013,271.022,0.8951,0.8985,0.7343350685504223
0,271.629,270.803,0.919,0.9212,0.46577725319043706
0,271.788,270.894,0.9528,0.9556,0.21446656095608593
0,272.298,271.288,0.9075,0.9109,0.660221023489163
0,272.158,271.156,0.8966,0.9,0.7401109961097825
0,272.485,271.613,0.9203,0.923,0.475542310574967
0,272.719,271.803,0.953,0.956,0.21654015387517656
0,272.609,271.609,0.909,0.913,0.6386236890273437
0,272.602,271.572,0.8983,0.9026,0.7354837788643419
0,272.734,271.846,0.9198,0.9224,0.49337485277847176
0,272.914,271.996,0.9521,0.955,0.2300592964977847
0,271.46,270.298,0.9454,0.9508,0.32363207619319534
0,271.46,270.225,0.9375,0.9436,0.44386706979447615
0,271.46,270.178,0.9321,0.9387,0.49303544023698204
0,271.46,270.581,0.9612,0.964,0.16355371100222812
0,271.46,270.252,0.9353,0.9411,0.37925117139899966
0,271.46,270.176,0.9304,0.937,0.47452126873091227
0,271.46,270.156,0.925,0.9317,0.5373163618564953
0,271.46,270.582,0.9609,0.9638,0.1633520621211117
0,271.46,270.262,0.9338,0.9395,0.39851412052025925
0,271.46,270.196,0.9263,0.9326,0.5112440537798332
0,271.46,270.227,0.923,0.929,0.5259406627135668
0,271.46,270.593,0.9618,0.9645,0.15589508139884672
0,271.46,270.253,0.9343,0.9401,0.3828260415126471
0,271.46,270.253,0.9221,0.9277,0.5177893572218851
0,271.46,270.308,0.9242,0.9293,0.49373114162328624
0,271.46,270.603,0.9623,0.9649,0.1538362743648443
0,271.46,270.316,0.9397,0.9449,0.2920625289981798
0,271.46,270.405,0.9253,0.9294,0.4593124563433998
0,271.46,270.376,0.924,0.9284,0.47596870490942367
0,271.46,270.611,0.9624,0.965,0.1537355773888127
0,271.46,270.304,0.9409,0.9462,0.2914760902040962
0,271.46,270.495,0.9232,0.9265,0.4714753764027472
0,271.46,270.432,0.9241,0.9278,0.45920227600658736
0,271.46,270.608,0.9616,0.9641,0.16326686483151742
0,271.46,270.283,0.9404,0.9459,0.2946137569914292
0,271.46,270.558,0.9333,0.9364,0.4435566171934351
0,271.46,270.467,0.9239,0.9273,0.4369775611447334
0,271.46,270.598,0.9596,0.9623,0.1858219677463762
0,271.46,270.43,0.954,0.958,0.22434664232943974
0,271.46,270.593,0.9405,0.9433,0.45188616907914525
0,271.46,270.483,0.923,0.9264,0.425375739931577
0,271.46,270.582,0.9569,0.9597,0.21884802659419886
0,271.46,270.545,0.9629,0.9661,0.1424056635038469
0,271.46,270.576,0.9398,0.9427,0.4852334385340559
0,271.46,270.499,0.9229,0.9263,0.4250399983684542
0,271.46,270.568,0.9539,0.9569,0.2521093849581662
0,271.46,270.529,0.9616,0.965,0.18800992183875226
0,271.46,270.555,0.9374,0.9405,0.520446533729663
0,271.46,270.517,0.9233,0.9267,0.42917902647693146
0,271.46,270.55,0.9507,0.9539,0.2865199634941596
0,271.46,270.274,0.9418,0.9474,0.39358114136835726
0,271.46,270.549,0.9358,0.939,0.5421114243905922
0,271.46,270.54,0.924,0.9273,0.4344631958925831
0,271.46,270.518,0.9444,0.9479,0.31935406076488915
0,271.46,270.193,0.9318,0.9383,0.448241601362341
0,271.46,270.543,0.9333,0.9366,0.5699879163628763
0,271.46,270.564,0.9239,0.927,0.4454378916347581
0,271.46,270.477,0.9365,0.9399,0.34528365955754514
0,271.46,270.234,0.9269,0.9328,0.4778634905905686
0,271.46,270.529,0.9298,0.9332,0.6076284460034772
0,271.46,270.585,0.9234,0.9262,0.463921267711196
0,271.46,270.469,0.9349,0.9383,0.35493731294580727
0,271.46,270.301,0.9162,0.9213,0.5423590114871031
0,271.46,270.505,0.923,0.9264,0.6505164352760627
0,271.46,270.592,0.9225,0.9253,0.4814295401589739
0,271.46,270.451,0.9327,0.9363,0.3590707326151132
0,271.46,270.408,0.9058,0.9096,0.642860456934835
0,271.461,270.49,0.9142,0.9176,0.6823020093507978
0,271.46,270.602,0.9233,0.9259,0.4943597966685872
0,271.46,270.442,0.9319,0.9355,0.3636232556479532
0,271.46,270.444,0.9031,0.9065,0.6902421316147715
0,271.632,270.641,0.9047,0.9086,0.7183018156047172
0,271.46,270.608,0.9227,0.9253,0.5105082775463587
0,271.46,270.439,0.9311,0.9349,0.3651617524842836
0,271.726,270.691,0.8991,0.9034,0.7260416656044624
0,272.037,271.003,0.8985,0.9025,0.7561547011466709
0,271.831,270.965,0.9214,0.9238,0.5225952287478395
0,271.78,270.745,0.9304,0.9348,0.3677556556010462
0,272.241,271.193,0.9005,0.9044,0.7110169119933922
0,272.249,271.202,0.9004,0.9042,0.7547972039381442
0,272.252,271.363,0.9201,0.9224,0.528987421800513
0,272.051,271.01,0.9298,0.934,0.3635483065062993
0,272.496,271.449,0.9048,0.9083,0.6759274573886087
0,272.575,271.502,0.9002,0.9044,0.7623589095154819
0,272.693,271.787,0.9211,0.924,0.5274068616703971
0,272.474,271.426,0.9307,0.9345,0.34793390199507473
0,272.644,271.627,0.9087,0.9128,0.6404645317208221
0,272.704,271.627,0.8932,0.8978,0.7980127770441486
0,273.128,272.198,0.9202,0.9229,0.5236379905472307
0,273.229,272.169,0.9329,0.9371,0.32589452055492957
0,271.46,270.426,0.9594,0.9635,0.24222410303212621
0,271.46,270.299,0.9436,0.949,0.44082194225347093
0,271.46,270.412,0.9547,0.9589,0.3583658537828922
0,271.46,270.274,0.9246,0.9301,0.46656595269536494
0,271.46,270.394,0.9552,0.9596,0.2958689256779839
0,271.46,270.204,0.9321,0.9384,0.472749511810863
0,271.46,270.34,0.9476,0.9525,0.44893628303243205
0,271.46,270.457,0.9471,0.9507,0.3720433583333759
0,271.46,270.378,0.9487,0.9533,0.35184670606170304
0,271.46,270.184,0.9268,0.9333,0.5006313572932652
0,271.46,270.245,0.9352,0.941,0.5142692458688747
0,271.46,270.461,0.9462,0.9498,0.35416360326921026
0,271.46,270.292,0.9378,0.9432,0.3875050093558963
0,271.46,270.223,0.9203,0.9263,0.5849542402349426
0,271.46,270.219,0.9252,0.9313,0.5166026114932215
0,271.46,270.459,0.9443,0.9479,0.3591558789188969
0,271.46,270.272,0.9374,0.943,0.38313960424813787
0,271.46,270.386,0.9248,0.929,0.5648176492482142
0,271.46,270.29,0.9282,0.9335,0.4780020190381018
0,271.46,270.399,0.9335,0.9377,0.3877920594698495
0,271.46,270.303,0.9375,0.9428,0.3184910239480353
0,271.46,270.432,0.9237,0.9274,0.5066887265274074
0,271.46,270.327,0.9259,0.9308,0.47242799528891116
0,271.46,270.389,0.9285,0.9328,0.41733910152804476
0,271.46,270.366,0.9445,0.9492,0.28712062732941424
0,271.46,270.517,0.9176,0.921,0.5453283231276737
0,271.46,270.375,0.9246,0.929,0.46533841831818207
0,271.46,270.394,0.9272,0.9314,0.43011334145707253
0,271.46,270.304,0.941,0.9463,0.294566595116579
0,271.46,270.535,0.9185,0.9219,0.5300300816282829
0,271.46,270.428,0.9245,0.9283,0.4593718038269949
0,271.46,270.388,0.9255,0.9297,0.44526199058801935
0,271.46,270.433,0.9542,0.9583,0.23607210413341964
0,271.46,270.582,0.9292,0.9321,0.5208839919850307
0,271.46,270.465,0.9255,0.9289,0.44409849438901156
0,271.46,270.376,0.9224,0.9268,0.4735642140792217
0,271.46,270.55,0.9633,0.9665,0.13296054208113883
0,271.46,270.601,0.9392,0.9419,0.4770043286953241
0,271.46,270.493,0.9262,0.9296,0.4343591848388594
0,271.46,270.382,0.9209,0.9252,0.48964411904167077
0,271.46,270.516,0.9609,0.9644,0.2077363319788103
0,271.46,270.586,0.9382,0.941,0.4941215399754248
0,271.46,270.508,0.9255,0.9289,0.43872127586892573
0,271.46,270.383,0.9186,0.9228,0.4971828810042166
0,271.46,270.24,0.9388,0.9448,0.4089148689919596
0,271.46,270.558,0.9343,0.9374,0.5467032064976317
0,271.46,270.532,0.9258,0.9292,0.44791095838028283
0,271.46,270.384,0.9175,0.9217,0.5059045137738168
0,271.46,270.199,0.9308,0.9371,0.4576739763323867
0,271.46,270.496,0.9247,0.928,0.663073220722673
0,271.46,270.551,0.9248,0.928,0.46211331086558605
0,271.46,270.38,0.9163,0.9206,0.5132803760713394
0,271.46,270.239,0.9247,0.9306,0.4947720169476836
0,271.46,270.368,0.9011,0.9053,0.8022810541826211
0,271.46,270.564,0.9231,0.9262,0.47892103827504817
0,271.46,270.38,0.9151,0.9193,0.5188334956381639
0,271.46,270.327,0.9144,0.9192,0.5581003196810327
0,271.46,270.319,0.8906,0.8953,0.8451318238134327
0,271.46,270.578,0.9231,0.926,0.4872564535289829
0,271.46,270.381,0.9144,0.9186,0.523898171138972
0,271.46,270.44,0.9024,0.9058,0.6568496377458154
0,271.46,270.311,0.8857,0.8903,0.8504430157087283
0,271.46,270.591,0.924,0.9268,0.4908165377575421
0,271.46,270.377,0.9136,0.9178,0.5304279239087762
0,271.46,270.473,0.9038,0.907,0.6955458795817124
0,271.46,270.356,0.8922,0.8964,0.8082140180387798
0,271.46,270.611,0.9254,0.928,0.4873502674205768
0,271.509,270.42,0.9133,0.9176,0.5319167095797239
0,271.467,270.463,0.8956,0.8989,0.7459102751704203
0,271.669,270.624,0.8961,0.9005,0.7683262887938287
0,271.545,270.712,0.9271,0.9294,0.482204524480837
0,271.765,270.658,0.9132,0.9182,0.5300572570653588
0,272.021,270.998,0.9013,0.9052,0.7118754620589092
0,271.897,270.891,0.9042,0.908,0.7316368994508828
0,271.728,270.896,0.9273,0.9295,0.48322612716880886
0,271.975,270.87,0.9145,0.9193,0.5199676749960486
0,272.377,271.37,0.9148,0.9181,0.6432054779154962
0,272.114,271.074,0.9004,0.9043,0.763522660643543
0,272.161,271.311,0.929,0.931,0.485373139655234
0,271.919,270.845,0.9174,0.922,0.4999771583568293
0,272.752,271.752,0.9171,0.9209,0.6237831981359588
0,272.412,271.352,0.8857,0.8894,0.8360252481734335
0,272.583,271.703,0.9283,0.931,0.49390051648626193
0,272.486,271.394,0.9196,0.9239,0.4774302131716743
0,271.46,270.44,0.9604,0.9644,0.23750832343358846
0,271.46,270.3,0.9399,0.9453,0.4806469589513238
0,271.46,270.481,0.959,0.9626,0.2903303880530049
0,271.46,270.243,0.9165,0.9222,0.5517030790331051
0,271.46,270.33,0.944,0.9491,0.36829600322230327
0,271.46,270.307,0.9246,0.9297,0.6128016702951569
0,271.46,270.331,0.9431,0.9482,0.49788928941075705
0,271.46,270.292,0.913,0.9181,0.5661427194811685
0,271.46,270.422,0.949,0.9531,0.27384647152697406
0,271.46,270.514,0.9159,0.9193,0.6443966084238757
0,271.46,270.347,0.9307,0.9354,0.460965110409773
0,271.46,270.444,0.9195,0.923,0.5293834795776335
0,271.46,270.313,0.9416,0.9468,0.2837410328705522
0,271.46,270.457,0.8991,0.9024,0.7108125098785009
0,271.46,270.364,0.9253,0.9297,0.4788853482075939
0,271.46,270.464,0.9194,0.9228,0.5198399555403731
0,271.46,270.403,0.9515,0.9558,0.24592715147374483
0,271.46,270.536,0.902,0.9052,0.7006184068973604
0,271.46,270.426,0.9254,0.9292,0.47235916444453513
0,271.46,270.468,0.9191,0.9225,0.5040019782494534
0,271.46,270.544,0.9629,0.9661,0.14042736306485906
0,271.46,270.552,0.9057,0.9089,0.6670289548418674
0,271.46,270.462,0.9255,0.9289,0.4613339927498178
0,271.46,270.471,0.919,0.9223,0.49972375887790427
0,271.46,270.497,0.9597,0.9633,0.2352711680339362
0,271.46,270.523,0.9081,0.9114,0.7116973686223125
0,271.46,270.498,0.9274,0.9308,0.44461345107656536
0,271.46,270.487,0.9202,0.9236,0.48385850417828713
0,271.46,270.212,0.9358,0.942,0.422110710589243
0,271.46,270.421,0.8942,0.8977,0.868849913069193
0,271.46,270.528,0.9288,0.9323,0.4298211927620543
0,271.46,270.494,0.9199,0.9232,0.4870086624892293
0,271.46,270.199,0.9296,0.9359,0.4668459157816379
0,271.46,270.346,0.8676,0.8717,0.9648750592710048
0,271.46,270.549,0.9279,0.9311,0.4263674139486981
0,271.46,270.497,0.9168,0.9202,0.5051195872188771
0,271.46,270.23,0.9222,0.9282,0.5122537767739239
0,271.46,270.373,0.8643,0.868,0.9972405969418711
0,271.46,270.562,0.9261,0.9292,0.4277404618294729
0,271.46,270.49,0.9127,0.9161,0.5301602484028696
0,271.46,270.339,0.9134,0.918,0.5657578785823907
0,271.46,270.463,0.8601,0.8632,1.0508338219473523
0,271.46,270.579,0.9256,0.9285,0.426826031315485
0,271.46,270.482,0.9094,0.9127,0.5556172087308102
0,271.46,270.468,0.9062,0.9095,0.6332286764593414
0,271.466,270.665,0.8682,0.8703,0.978570612798458
0,271.46,270.598,0.9258,0.9285,0.41990521737800374
0,271.46,270.463,0.9044,0.9077,0.5825629547296988
0,271.461,270.488,0.9061,0.9094,0.6680002345347291
0,271.812,270.93,0.8671,0.8695,0.9535862909352331
0,271.46,270.618,0.9266,0.9291,0.41184538043062613
0,271.474,270.46,0.9025,0.9059,0.6032920008361672
0,271.652,270.639,0.8982,0.9023,0.7365562653913416
0,272.108,271.046,0.8757,0.8798,0.9013533673578646
0,271.467,270.643,0.927,0.9293,0.4127608306608271
0,271.794,270.747,0.9029,0.9073,0.6074328134480174
0,272.081,271.048,0.9036,0.9075,0.711100171822182
0,272.175,271.115,0.892,0.896,0.8088916194623037
0,271.86,271.029,0.9272,0.9293,0.41851723065470886
0,272.068,270.995,0.9037,0.908,0.6029455522528082
0,272.383,271.384,0.9162,0.9195,0.6444752285438963
0,271.973,270.954,0.8925,0.8963,0.7956144045112247
0,272.026,271.2,0.9306,0.9325,0.4230332988329348
0,272.134,271.05,0.9045,0.9089,0.5937183951706242
0,272.56,271.577,0.9191,0.9229,0.6258126373430275
0,272.339,271.401,0.8969,0.8994,0.7465642701636136
0,272.358,271.515,0.9322,0.9345,0.42763859217979644
0,272.421,271.315,0.9061,0.9105,0.5808638525898242
0,271.46,270.367,0.9456,0.9502,0.2768158341533551
0,271.46,270.398,0.8871,0.8908,0.8478361112102502
0,271.46,270.29,0.9244,0.9297,0.48774744688553173
0,271.46,270.459,0.9225,0.9259,0.5709955489387304
0,271.46,270.416,0.9517,0.9559,0.2471253690098046
0,271.46,270.4,0.8762,0.8797,0.9411544207247127
0,271.46,270.358,0.9259,0.9304,0.48942488005588053
0,271.46,270.39,0.9119,0.916,0.6266373838160841
0,271.46,270.533,0.9618,0.9652,0.163586392906854
0,271.46,270.414,0.8727,0.8761,0.9696960225969115
0,271.46,270.415,0.9262,0.9301,0.4784218871887953
0,271.46,270.355,0.9046,0.9089,0.673783453065012
0,271.46,270.465,0.9574,0.9611,0.28067530706204463
0,271.46,270.411,0.8686,0.872,0.980441027262113
0,271.46,270.463,0.9267,0.9301,0.460434348120918
0,271.46,270.346,0.9001,0.9045,0.699683735016545
0,271.46,270.203,0.9337,0.94,0.43717166412587377
0,271.46,270.398,0.8613,0.8648,1.0196672156138946
0,271.46,270.496,0.9274,0.9308,0.4456584052658146
0,271.46,270.335,0.8979,0.9024,0.7210406713811547
0,271.46,270.202,0.9285,0.9348,0.47460340687186753
0,271.46,270.436,0.8566,0.8597,1.0497524129034888
0,271.46,270.52,0.9281,0.9315,0.43218464001468393
0,271.46,270.327,0.8983,0.9029,0.7257690954607334
0,271.46,270.237,0.9221,0.9279,0.5250996007811026
0,271.46,270.48,0.8521,0.8552,1.083842290690501
0,271.46,270.539,0.9284,0.9317,0.4210720276547038
0,271.46,270.328,0.9008,0.9054,0.7185283455614302
0,271.46,270.34,0.9123,0.9169,0.5740444494297237
0,271.46,270.589,0.8638,0.8667,1.0210239480352619
0,271.46,270.551,0.9275,0.9307,0.41557397276337993
0,271.46,270.367,0.9065,0.9107,0.6801062034435816
0,271.46,270.461,0.9065,0.9098,0.6189329689547399
0,271.46,270.716,0.8827,0.8841,0.8325102863872983
0,271.46,270.563,0.9255,0.9286,0.4170489922654526
0,271.46,270.421,0.9107,0.9144,0.6300108599776684
0,271.473,270.521,0.9065,0.9099,0.6334249208445291
0,271.481,270.698,0.8868,0.8886,0.7905984204595861
0,271.46,270.585,0.9253,0.9281,0.42270204402114897
0,271.464,270.482,0.9125,0.9159,0.5862976653597303
0,271.894,270.895,0.9013,0.905,0.6963113295569842
0,271.806,270.928,0.8877,0.8902,0.7947815512942747
0,271.46,270.599,0.9237,0.9264,0.4393262225122749
0,271.61,270.654,0.912,0.9155,0.5692997608765481
0,272.196,271.145,0.8987,0.9026,0.7385108574283776
0,272.222,271.287,0.8896,0.8921,0.7716918621547624
0,271.804,270.95,0.9274,0.9297,0.46528411842984096
0,272.073,271.092,0.9088,0.9121,0.5898990480949152
0,272.387,271.367,0.9098,0.9132,0.6756068586112486
0,272.578,271.664,0.9004,0.9034,0.7118704654494655
0,272.677,271.778,0.927,0.9299,0.4781945924449227
0,272.61,271.576,0.9075,0.9118,0.6136808696139865
0,272.651,271.688,0.9225,0.926,0.6132606955484289
0,272.832,271.92,0.907,0.9098,0.6798391397674027
0,272.931,272.02,0.9265,0.9293,0.4812641931750393
0,272.809,271.73,0.9045,0.9091,0.6312189687609939
