,L8_filename,DateTime,L8_SST,L8_SST_std,L8_SST_noqc,L8_SST_raw,L8_pix
0,LC08_L1GT_001113_20131012_20201016_02_T2_145342,2013-10-12 14:53:42,,,-10.67,-14.54,0
1,LC08_L1GT_001113_20131028_20201016_02_T2_145332,2013-10-28 14:53:32,,,-6.04,-8.54,0
2,LC08_L1GT_001113_20131113_20201016_02_T2_145333,2013-11-13 14:53:33,,,-4.53,-6.57,0
3,LC08_L1GT_001113_20140217_20201016_02_T2_145239,2014-02-17 14:52:39,-1.41,0.22,-1.73,-2.93,9174
4,LC08_L1GT_001113_20140305_20200911_02_T2_145224,2014-03-05 14:52:24,-1.85,0.03,-2.24,-3.6,2922
5,LC08_L1GT_001113_20141202_20201016_02_T2_145201,2014-12-02 14:52:01,,,-4.23,-6.18,0
6,LC08_L1GT_001113_20141218_20201016_02_T2_145157,2014-12-18 14:51:57,-1.84,0.03,-2.11,-3.43,264
7,LC08_L1GT_001113_20150119_20201016_02_T2_145149,2015-01-19 14:51:49,,,-3.1,-4.71,0
8,LC08_L1GT_001113_20150204_20201016_02_T2_145146,2015-02-04 14:51:46,-1.82,0.04,-2.04,-3.34,4
9,LC08_L1GT_001113_20151103_20201016_02_T2_145157,2015-11-03 14:51:57,,,-6.25,-8.8,0
10,LC08_L1GT_001113_20160106_20201016_02_T2_145154,2016-01-06 14:51:54,-0.76,0.16,-0.77,-1.68,1291
11,LC08_L1GT_001113_20160207_20201016_02_T2_145151,2016-02-07 14:51:51,,,-5.49,-7.82,0
12,LC08_L1GT_001113_20160310_20200907_02_T2_145142,2016-03-10 14:51:42,,,-4.23,-6.18,0
13,LC08_L1GT_001113_20160326_20200907_02_T2_145133,2016-03-26 14:51:33,,,-15.24,-20.47,0
14,LC08_L1GT_001113_20161105_20201016_02_T2_145210,2016-11-05 14:52:10,,,-8.31,-11.48,0
15,LC08_L1GT_001113_20170921_20200903_02_T2_145200,2017-09-21 14:52:00,,,-13.99,-18.85,0
16,LC08_L1GT_001113_20171007_20201016_02_T2_145206,2017-10-07 14:52:06,,,-8.13,-11.24,0
17,LC08_L1GT_001113_20171210_20201016_02_T2_145159,2017-12-10 14:51:59,,,-3.37,-5.06,0
18,LC08_L1GT_001113_20171226_20201016_02_T2_145201,2017-12-26 14:52:01,-1.53,0.18,-2.26,-3.62,530
19,LC08_L1GT_001113_20180127_20201016_02_T2_145146,2018-01-27 14:51:46,,,-5.33,-7.61,0
20,LC08_L1GT_001113_20180228_20201016_02_T2_145132,2018-02-28 14:51:32,,,-12.21,-16.54,0
21,LC08_L1GT_001113_20181213_20201016_02_T2_145142,2018-12-13 14:51:42,,,-4.64,-6.72,0
22,LC08_L1GT_001113_20190130_20201016_02_T2_145136,2019-01-30 14:51:36,,,-6.6,-9.26,0
23,LC08_L1GT_001113_20190303_20200829_02_T2_145130,2019-03-03 14:51:30,,,-9.16,-12.59,0
24,LC08_L1GT_001113_20190927_20200825_02_T2_145210,2019-09-27 14:52:10,,,-20.94,-27.88,0
25,LC08_L1GT_001113_20191114_20201016_02_T2_145211,2019-11-14 14:52:11,,,-10.79,-14.7,0
26,LC08_L1GT_001113_20200202_20201016_02_T2_145154,2020-02-02 14:51:54,,,-7.29,-10.15,0
27,LC08_L1GT_001113_20200929_20201007_02_T2_145209,2020-09-29 14:52:09,,,-26.79,-35.48,0
28,LC08_L1GT_001113_20201116_20210315_02_T2_145208,2020-11-16 14:52:08,,,-6.97,-9.74,0
29,LC08_L1GT_001113_20210119_20210307_02_T2_145158,2021-01-19 14:51:58,-1.71,0.12,-3.3,-4.97,115
30,LC08_L1GT_001114_20131012_20201016_02_T2_145406,2013-10-12 14:54:06,,,-9.35,-12.83,0
31,LC08_L1GT_001114_20131028_20201016_02_T2_145356,2013-10-28 14:53:56,,,-6.01,-8.5,0
32,LC08_L1GT_001114_20140217_20201016_02_T2_145303,2014-02-17 14:53:03,-1.41,0.22,-1.72,-2.93,9182
33,LC08_L1GT_001114_20140305_20200911_02_T2_145248,2014-03-05 14:52:48,-1.85,0.03,-2.23,-3.58,2951
34,LC08_L1GT_001114_20141202_20201016_02_T2_145225,2014-12-02 14:52:25,,,-4.21,-6.16,0
35,LC08_L1GT_001114_20141218_20201016_02_T2_145221,2014-12-18 14:52:21,-1.84,0.03,-2.11,-3.43,264
36,LC08_L1GT_001114_20150119_20201016_02_T2_145213,2015-01-19 14:52:13,,0.03,-2.11,-3.43,264
37,LC08_L1GT_001114_20150204_20201016_02_T2_145210,2015-02-04 14:52:10,-1.82,0.04,-1.97,-3.24,4
38,LC08_L1GT_001114_20151103_20201016_02_T2_145221,2015-11-03 14:52:21,,,-6.02,-8.51,0
39,LC08_L1GT_001114_20160106_20201016_02_T2_145218,2016-01-06 14:52:18,-0.75,0.16,-0.76,-1.68,1278
40,LC08_L1GT_001114_20160207_20201016_02_T2_145215,2016-02-07 14:52:15,,,-5.49,-7.82,0
41,LC08_L1GT_001114_20160310_20200907_02_T2_145205,2016-03-10 14:52:05,,,-4.1,-6.02,0
42,LC08_L1GT_001114_20161105_20201016_02_T2_145234,2016-11-05 14:52:34,,,-8.32,-11.5,0
43,LC08_L1GT_001114_20170921_20200903_02_T2_145224,2017-09-21 14:52:24,,,-13.86,-18.69,0
44,LC08_L1GT_001114_20171007_20200903_02_T2_145230,2017-10-07 14:52:30,,,-8.21,-11.35,0
45,LC08_L1GT_001114_20171210_20201016_02_T2_145223,2017-12-10 14:52:23,,,-3.32,-4.99,0
46,LC08_L1GT_001114_20171226_20201016_02_T2_145225,2017-12-26 14:52:25,-1.53,0.18,-2.24,-3.6,530
47,LC08_L1GT_001114_20180111_20201016_02_T2_145219,2018-01-11 14:52:19,,,-3.62,-5.39,0
48,LC08_L1GT_001114_20180127_20201016_02_T2_145210,2018-01-27 14:52:10,,,-5.31,-7.58,0
49,LC08_L1GT_001114_20180228_20200902_02_T2_145156,2018-02-28 14:51:56,,,-12.17,-16.5,0
50,LC08_L1GT_001114_20181213_20201016_02_T2_145206,2018-12-13 14:52:06,,,-4.62,-6.69,0
51,LC08_L1GT_001114_20190130_20201016_02_T2_145200,2019-01-30 14:52:00,,,-6.43,-9.04,0
52,LC08_L1GT_001114_20190303_20200829_02_T2_145154,2019-03-03 14:51:54,,,-9.1,-12.5,0
53,LC08_L1GT_001114_20190927_20200825_02_T2_145234,2019-09-27 14:52:34,,,-20.63,-27.48,0
54,LC08_L1GT_001114_20191114_20201016_02_T2_145235,2019-11-14 14:52:35,,,-10.7,-14.59,0
55,LC08_L1GT_001114_20200202_20201016_02_T2_145218,2020-02-02 14:52:18,,,-7.3,-10.17,0
56,LC08_L1GT_001114_20200929_20201007_02_T2_145233,2020-09-29 14:52:33,,,-21.54,-28.66,0
57,LC08_L1GT_001114_20201116_20210315_02_T2_145232,2020-11-16 14:52:32,,,-6.88,-9.63,0
58,LC08_L1GT_001114_20210119_20210307_02_T2_145222,2021-01-19 14:52:22,-1.71,0.12,-3.26,-4.92,115
59,LC08_L1GT_002113_20131104_20201016_02_T2_145945,2013-11-04 14:59:45,,,-6.81,-9.54,0
60,LC08_L1GT_002113_20140312_20200911_02_T2_145833,2014-03-12 14:58:33,-1.86,0.03,-2.44,-3.86,661
61,LC08_L1GT_002113_20151126_20201016_02_T2_145810,2015-11-26 14:58:10,,,-2.87,-4.41,0
62,LC08_L1GT_002113_20151212_20201016_02_T2_145808,2015-12-12 14:58:08,-1.45,0.17,-1.52,-2.67,573
63,LC08_L1GT_002113_20151228_20201016_02_T2_145808,2015-12-28 14:58:08,-1.82,0.05,-2.11,-3.42,247
64,LC08_L1GT_002113_20160214_20201016_02_T2_145757,2016-02-14 14:57:57,,,-7.52,-10.46,0
65,LC08_L1GT_002113_20160317_20200907_02_T2_145749,2016-03-17 14:57:49,,,-11.82,-16.04,0
66,LC08_L1GT_002113_20161128_20201016_02_T2_145821,2016-11-28 14:58:21,,,-2.96,-4.53,0
67,LC08_L1GT_002113_20170928_20200903_02_T2_145814,2017-09-28 14:58:14,,,-28.71,-37.97,0
68,LC08_L1GT_002113_20171014_20201016_02_T2_145818,2017-10-14 14:58:18,,,-16.31,-21.87,0
69,LC08_L1GT_002113_20171030_20201016_02_T2_145819,2017-10-30 14:58:19,,,-14.76,-19.85,0
70,LC08_L1GT_002113_20180323_20200901_02_T2_145731,2018-03-23 14:57:31,,,-13.3,-17.96,0
71,LC08_L1GT_002113_20180915_20200830_02_T2_145738,2018-09-15 14:57:38,,,-18.97,-25.32,0
72,LC08_L1GT_002113_20181001_20200830_02_T2_145745,2018-10-01 14:57:45,,,-17.72,-23.7,0
73,LC08_L1GT_002113_20181118_20201016_02_T2_145757,2018-11-18 14:57:57,,,-10.68,-14.55,0
74,LC08_L1GT_002113_20190918_20200826_02_T2_145819,2019-09-18 14:58:19,,,-14.42,-19.42,0
75,LC08_L1GT_002113_20191207_20201016_02_T2_145820,2019-12-07 14:58:20,-1.8,0.07,-2.63,-4.1,57
76,LC08_L1GT_002113_20191223_20201016_02_T2_145817,2019-12-23 14:58:17,,,-3.02,-4.61,0
77,LC08_L1GT_002113_20200108_20201016_02_T2_145813,2020-01-08 14:58:13,,,-3.21,-4.85,0
78,LC08_L1GT_002113_20201006_20201015_02_T2_145820,2020-10-06 14:58:20,,,-14.42,-19.42,0
79,LC08_L1GT_002113_20201123_20210315_02_T2_145820,2020-11-23 14:58:20,,,-6.27,-8.83,0
80,LC08_L1GT_002113_20201225_20210310_02_T2_145820,2020-12-25 14:58:20,-1.77,0.08,-2.88,-4.43,77
81,LC08_L1GT_002113_20210126_20210305_02_T2_145809,2021-01-26 14:58:09,,,-7.43,-10.33,0
82,LC08_L1GT_003113_20131111_20201016_02_T2_150555,2013-11-11 15:05:55,,,-7.43,-10.33,0
83,LC08_L1GT_003113_20131229_20201016_02_T2_150537,2013-12-29 15:05:37,-1.88,0.01,-3.19,-4.83,2
84,LC08_L1GT_003113_20140114_20201016_02_T2_150521,2014-01-14 15:05:21,-1.63,0.15,-3.32,-5.0,31
85,LC08_L1GT_003113_20140130_20201016_02_T2_150516,2014-01-30 15:05:16,,,-3.49,-5.22,0
86,LC08_L1GT_003113_20140303_20200911_02_T2_150445,2014-03-03 15:04:45,-1.89,0.0,-2.54,-3.99,5
87,LC08_L1GT_003113_20140319_20200911_02_T2_150438,2014-03-19 15:04:38,,,-5.3,-7.57,0
88,LC08_L1GT_003113_20141114_20201016_02_T2_150425,2014-11-14 15:04:25,,,-4.48,-6.51,0
89,LC08_L1GT_003113_20141130_20201016_02_T2_150423,2014-11-30 15:04:23,,,-2.6,-4.07,0
90,LC08_L1GT_003113_20141216_20201016_02_T2_150418,2014-12-16 15:04:18,-1.75,0.07,-2.0,-3.28,662
91,LC08_L1GT_003113_20150306_20200909_02_T2_150354,2015-03-06 15:03:54,,,-5.84,-8.27,0
92,LC08_L1GT_003113_20151101_20201016_02_T2_150418,2015-11-01 15:04:18,,,-7.03,-9.81,0
93,LC08_L1GT_003113_20160104_20201016_02_T2_150416,2016-01-04 15:04:16,-1.1,0.23,-1.18,-2.22,1495
94,LC08_L1GT_003113_20161002_20200906_02_T2_150427,2016-10-02 15:04:27,,,-8.77,-12.08,0
95,LC08_L1GT_003113_20170919_20200903_02_T2_150421,2017-09-19 15:04:21,,,-13.36,-18.04,0
96,LC08_L1GT_003113_20171005_20200903_02_T2_150427,2017-10-05 15:04:27,,,-13.98,-18.84,0
97,LC08_L1GT_003113_20171224_20201016_02_T2_150423,2017-12-24 15:04:23,-1.66,0.12,-2.49,-3.92,398
98,LC08_L1GT_003113_20180109_20201016_02_T2_150417,2018-01-09 15:04:17,-1.81,0.06,-1.99,-3.28,495
99,LC08_L1GT_003113_20180125_20201016_02_T2_150409,2018-01-25 15:04:09,,,-4.21,-6.15,0
100,LC08_L1GT_003113_20180226_20201016_02_T2_150355,2018-02-26 15:03:55,,,-11.43,-15.54,0
101,LC08_L1GT_003113_20180314_20200901_02_T2_150346,2018-03-14 15:03:46,,,-14.41,-19.4,0
102,LC08_L1GT_003113_20181211_20201016_02_T2_150404,2018-12-11 15:04:04,,,-5.98,-8.45,0
103,LC08_L1GT_003113_20190112_20201016_02_T2_150402,2019-01-12 15:04:02,-1.85,0.03,-4.71,-6.8,31
104,LC08_L1GT_003113_20190213_20201016_02_T2_150356,2019-02-13 15:03:56,,,-10.08,-13.79,0
105,LC08_L1GT_003113_20191011_20201016_02_T2_150435,2019-10-11 15:04:35,,,-16.44,-22.04,0
106,LC08_L1GT_003113_20191112_20201016_02_T2_150433,2019-11-12 15:04:33,,,-14.88,-20.02,0
107,LC08_L1GT_003113_20191214_20201022_02_T2_150429,2019-12-14 15:04:29,,,-2.83,-4.36,0
108,LC08_L1GT_003113_20200131_20201016_02_T2_150417,2020-01-31 15:04:17,,,-5.94,-8.4,0
109,LC08_L1GT_003113_20201013_20201105_02_T2_150432,2020-10-13 15:04:32,,,-16.03,-21.51,0
110,LC08_L1GT_003113_20201029_20201106_02_T2_150431,2020-10-29 15:04:31,,,-6.3,-8.87,0
111,LC08_L1GT_004113_20131118_20201016_02_T2_151202,2013-11-18 15:12:02,,,-8.94,-12.29,0
112,LC08_L1GT_004113_20140105_20201016_02_T2_151142,2014-01-05 15:11:42,,,-3.69,-5.48,0
113,LC08_L1GT_004113_20140121_20201016_02_T2_151130,2014-01-21 15:11:30,,,-2.88,-4.42,0
114,LC08_L1GT_004113_20140310_20200911_02_T2_151055,2014-03-10 15:10:55,,,-4.04,-5.94,0
115,LC08_L1GT_004113_20140326_20200911_02_T2_151039,2014-03-26 15:10:39,,,-5.03,-7.23,0
116,LC08_L1GT_004113_20141004_20200910_02_T2_151034,2014-10-04 15:10:34,,,-6.17,-8.7,0
117,LC08_L1GT_004113_20141105_20201016_02_T2_151036,2014-11-05 15:10:36,,,-3.02,-4.61,0
118,LC08_L1GT_004113_20141121_20201016_02_T2_151032,2014-11-21 15:10:32,,,-3.64,-5.41,0
119,LC08_L1GT_004113_20141207_20201016_02_T2_151031,2014-12-07 15:10:31,,,-2.61,-4.08,0
120,LC08_L1GT_004113_20150124_20201016_02_T2_151019,2015-01-24 15:10:19,,,-2.6,-4.06,0
121,LC08_L1GT_004113_20150313_20200909_02_T2_150958,2015-03-13 15:09:58,,,-13.66,-18.43,0
122,LC08_L1GT_004113_20150921_20200908_02_T2_151021,2015-09-21 15:10:21,,,-6.09,-8.59,0
123,LC08_L1GT_004113_20151210_20201016_02_T2_151029,2015-12-10 15:10:29,-1.34,0.08,-1.36,-2.46,605
124,LC08_L1GT_004113_20160111_20201016_02_T2_151027,2016-01-11 15:10:27,-1.39,0.27,-2.46,-3.89,1533
125,LC08_L1GT_004113_20160315_20200907_02_T2_151012,2016-03-15 15:10:12,,,-9.43,-12.94,0
126,LC08_L1GT_004113_20160923_20200906_02_T2_151037,2016-09-23 15:10:37,,,-14.76,-19.85,0
127,LC08_L1GT_004113_20170926_20200903_02_T2_151035,2017-09-26 15:10:35,,,-17.54,-23.46,0
128,LC08_L1GT_004113_20171012_20201016_02_T2_151039,2017-10-12 15:10:39,,,-7.11,-9.93,0
129,LC08_L1GT_004113_20171215_20201016_02_T2_151033,2017-12-15 15:10:33,,,-3.78,-5.59,0
130,LC08_L1GT_004113_20171231_20201016_02_T2_151032,2017-12-31 15:10:32,,,-3.98,-5.86,0
131,LC08_L1GT_004113_20180201_20201016_02_T2_151015,2018-02-01 15:10:15,,,-4.57,-6.62,0
132,LC08_L1GT_004113_20180217_20201016_02_T2_151010,2018-02-17 15:10:10,,,-11.08,-15.08,0
133,LC08_L1GT_004113_20180305_20200901_02_T2_151002,2018-03-05 15:10:02,,,-13.28,-17.94,0
134,LC08_L1GT_004113_20180321_20200901_02_T2_150954,2018-03-21 15:09:54,,,-6.55,-9.19,0
135,LC08_L1GT_004113_20181031_20201016_02_T2_151017,2018-10-31 15:10:17,,,-6.82,-9.54,0
136,LC08_L1GT_004113_20181218_20201016_02_T2_151015,2018-12-18 15:10:15,,,-3.75,-5.56,0
137,LC08_L1GT_004113_20190204_20201016_02_T2_151008,2019-02-04 15:10:08,,,-7.6,-10.56,0
138,LC08_L1GT_004113_20190324_20200829_02_T2_150956,2019-03-24 15:09:56,,,-13.17,-17.79,0
139,LC08_L1GT_004113_20191103_20201016_02_T2_151045,2019-11-03 15:10:45,,,-6.71,-9.4,0
140,LC08_L1GT_004113_20191119_20201016_02_T2_151042,2019-11-19 15:10:42,,,-9.49,-13.01,0
141,LC08_L1GT_004113_20200106_20201016_02_T2_151034,2020-01-06 15:10:34,,,-3.67,-5.46,0
142,LC08_L1GT_004113_20200122_20201016_02_T2_151031,2020-01-22 15:10:31,,,-4.78,-6.9,0
143,LC08_L1GT_004113_20201121_20210315_02_T2_151042,2020-11-21 15:10:42,,,-5.84,-8.28,0
144,LC08_L1GT_004113_20210124_20210305_02_T2_151031,2021-01-24 15:10:31,,,-2.95,-4.52,0
145,LC08_L1GT_004113_20210225_20210304_02_T2_151023,2021-02-25 15:10:23,,,-11.03,-15.02,0
146,LC08_L1GT_005113_20131211_20201016_02_T2_151808,2013-12-11 15:18:08,-1.34,0.18,-1.65,-2.83,192
147,LC08_L1GT_005113_20140213_20201016_02_T2_151724,2014-02-13 15:17:24,-1.41,0.24,-1.96,-3.24,3240
148,LC08_L1GT_005113_20140301_20201016_02_T2_151710,2014-03-01 15:17:10,,,-4.83,-6.96,0
149,LC08_L1GT_005113_20140317_20200911_02_T2_151701,2014-03-17 15:17:01,-1.57,0.11,-1.67,-2.86,9804
150,LC08_L1GT_005113_20141011_20201016_02_T2_151646,2014-10-11 15:16:46,,,-5.62,-7.99,0
151,LC08_L1GT_005113_20141027_20201016_02_T2_151644,2014-10-27 15:16:44,,,-5.08,-7.28,0
152,LC08_L1GT_005113_20141112_20201016_02_T2_151647,2014-11-12 15:16:47,,,-4.16,-6.09,0
153,LC08_L1GT_005113_20141128_20201016_02_T2_151645,2014-11-28 15:16:45,-1.89,0.01,-2.62,-4.09,10
154,LC08_L1GT_005113_20141214_20201016_02_T2_151639,2014-12-14 15:16:39,-1.85,0.03,-2.2,-3.55,97
155,LC08_L1GT_005113_20161101_20201016_02_T2_151654,2016-11-01 15:16:54,,,-6.37,-8.95,0
156,LC08_L1GT_005113_20161203_20201016_02_T2_151653,2016-12-03 15:16:53,,,-2.62,-4.09,0
157,LC08_L1GT_005113_20170917_20200903_02_T2_151641,2017-09-17 15:16:41,,,-25.35,-33.62,0
158,LC08_L1GT_005113_20180123_20201016_02_T2_151631,2018-01-23 15:16:31,,,-5.17,-7.4,0
159,LC08_L1GT_005113_20180224_20201016_02_T2_151618,2018-02-24 15:16:18,,,-8.27,-11.43,0
160,LC08_L1GT_005113_20181006_20200830_02_T2_151620,2018-10-06 15:16:20,,,-6.75,-9.45,0
161,LC08_L1GT_005113_20181209_20201016_02_T2_151626,2018-12-09 15:16:26,,,-5.41,-7.72,0
162,LC08_L1GT_005113_20190110_20201016_02_T2_151624,2019-01-10 15:16:24,-1.85,0.05,-3.35,-5.04,6
163,LC08_L1GT_005113_20190126_20201016_02_T2_151620,2019-01-26 15:16:20,,,-3.59,-5.36,0
164,LC08_L1GT_005113_20190211_20201016_02_T2_151618,2019-02-11 15:16:18,,,-7.38,-10.28,0
165,LC08_L1GT_005113_20191110_20201016_02_T2_151655,2019-11-10 15:16:55,,,-14.79,-19.89,0
166,LC08_L1GT_005113_20191212_20201016_02_T2_151651,2019-12-12 15:16:51,,,-3.15,-4.78,0
167,LC08_L1GT_005113_20191228_20201016_02_T2_151648,2019-12-28 15:16:48,-1.74,0.1,-2.46,-3.88,62
168,LC08_L1GT_005113_20200214_20201016_02_T2_151635,2020-02-14 15:16:35,,,-9.72,-13.31,0
169,LC08_L1GT_005113_20201112_20210317_02_T2_151649,2020-11-12 15:16:49,,,-7.38,-10.28,0
170,LC08_L1GT_005113_20201214_20210314_02_T2_151654,2020-12-14 15:16:54,,,-4.47,-6.5,0
171,LC08_L1GT_005113_20210131_20210302_02_T2_151641,2021-01-31 15:16:41,,,-7.13,-9.95,0
172,LC08_L1GT_005113_20210216_20210301_02_T2_151637,2021-02-16 15:16:37,,,-9.09,-12.5,0
173,LC08_L1GT_158131_20131211_20200912_02_T2_071056,2013-12-11 07:10:56,-1.87,0.0,-3.37,-5.07,3
174,LC08_L1GT_158131_20140112_20200912_02_T2_071033,2014-01-12 07:10:33,,,-5.29,-7.56,0
175,LC08_L1GT_158131_20150115_20200910_02_T2_070922,2015-01-15 07:09:22,,,-5.45,-7.77,0
176,LC08_L1GT_158131_20160102_20200907_02_T2_070926,2016-01-02 07:09:26,,,-2.62,-4.09,0
177,LC08_L1GT_158131_20161203_20200905_02_T2_070940,2016-12-03 07:09:40,,,-4.99,-7.17,0
178,LC08_L1GT_158131_20171222_20200902_02_T2_070932,2017-12-22 07:09:32,,,-5.16,-7.39,0
179,LC08_L1GT_158131_20180107_20200902_02_T2_070927,2018-01-07 07:09:27,,,-2.51,-3.95,0
180,LC08_L1GT_158131_20181209_20200830_02_T2_070913,2018-12-09 07:09:13,,,-9.38,-12.87,0
181,LC08_L1GT_158131_20190126_20200830_02_T2_070907,2019-01-26 07:09:07,,,-6.1,-8.61,0
182,LC08_L1GT_158131_20191212_20200824_02_T2_070938,2019-12-12 07:09:38,,,-5.75,-8.15,0
183,LC08_L1GT_158131_20191228_20200824_02_T2_070935,2019-12-28 07:09:35,,,-4.54,-6.58,0
184,LC08_L1GT_159131_20131202_20200912_02_T2_071709,2013-12-02 07:17:09,,,-3.14,-4.77,0
185,LC08_L1GT_159131_20141205_20200910_02_T2_071541,2014-12-05 07:15:41,,,-6.6,-9.26,0
186,LC08_L1GT_159131_20160109_20200907_02_T2_071535,2016-01-09 07:15:35,-1.75,0.09,-2.08,-3.39,727
187,LC08_L1GT_159131_20180114_20200902_02_T2_071534,2018-01-14 07:15:34,,,-3.87,-5.72,0
188,LC08_L1GT_159131_20181130_20200830_02_T2_071526,2018-11-30 07:15:26,,,-8.87,-12.21,0
189,LC08_L1GT_159131_20190101_20200830_02_T2_071523,2019-01-01 07:15:23,,,-7.4,-10.31,0
190,LC08_L1GT_159131_20190202_20200829_02_T2_071517,2019-02-02 07:15:17,,,-8.59,-11.85,0
191,LC08_L1GT_160131_20131209_20200912_02_T2_072318,2013-12-09 07:23:18,,,-3.96,-5.84,0
192,LC08_L1GT_160131_20131225_20200912_02_T2_072309,2013-12-25 07:23:09,-1.9,0.0,-3.86,-5.7,4
193,LC08_L1GT_160131_20140110_20200912_02_T2_072257,2014-01-10 07:22:57,,,-3.64,-5.41,0
194,LC08_L1GT_160131_20141212_20200910_02_T2_072146,2014-12-12 07:21:46,,,-5.78,-8.2,0
195,LC08_L1GT_160131_20160116_20200907_02_T2_072147,2016-01-16 07:21:47,,,-3.1,-4.71,0
196,LC08_L1GT_160131_20161201_20200905_02_T2_072202,2016-12-01 07:22:02,,,-5.53,-7.86,0
197,LC08_L1GT_160131_20171220_20200902_02_T2_072154,2017-12-20 07:21:54,,,-7.69,-10.68,0
198,LC08_L1GT_160131_20181207_20200830_02_T2_072135,2018-12-07 07:21:35,,,-7.29,-10.15,0
199,LC08_L1GT_160131_20181223_20200829_02_T2_072134,2018-12-23 07:21:34,,,-3.95,-5.82,0
200,LC08_L1GT_160131_20190108_20200829_02_T2_072133,2019-01-08 07:21:33,,,-4.76,-6.88,0
201,LC08_L1GT_160131_20190124_20200830_02_T2_072129,2019-01-24 07:21:29,,,-5.85,-8.28,0
202,LC08_L1GT_160131_20200111_20200823_02_T2_072153,2020-01-11 07:21:53,,,-4.98,-7.16,0
203,LC08_L1GT_161131_20140117_20200912_02_T2_072901,2014-01-17 07:29:01,-1.77,0.09,-3.3,-4.98,16
204,LC08_L1GT_161131_20141203_20200910_02_T2_072803,2014-12-03 07:28:03,,,-6.31,-8.88,0
205,LC08_L1GT_161131_20141219_20200910_02_T2_072800,2014-12-19 07:28:00,,,-5.62,-7.98,0
206,LC08_L1GT_161131_20160107_20200907_02_T2_072756,2016-01-07 07:27:56,-0.95,0.26,-1.03,-2.02,1423
207,LC08_L1GT_161131_20171211_20200902_02_T2_072802,2017-12-11 07:28:02,,,-3.62,-5.39,0
208,LC08_L1GT_161131_20171227_20200902_02_T2_072803,2017-12-27 07:28:03,-1.7,0.09,-4.0,-5.88,347
209,LC08_L1GT_161131_20180112_20200902_02_T2_072757,2018-01-12 07:27:57,-1.84,0.04,-4.32,-6.29,268
210,LC08_L1GT_161131_20181214_20200830_02_T2_072744,2018-12-14 07:27:44,,,-6.59,-9.24,0
211,LC08_L1GT_161131_20190131_20200829_02_T2_072739,2019-01-31 07:27:39,,,-6.48,-9.11,0
212,LC08_L1GT_162130_20131207_20200912_02_T2_073517,2013-12-07 07:35:17,,,-8.04,-11.14,0
213,LC08_L1GT_162130_20141124_20200910_02_T2_073350,2014-11-24 07:33:50,,,-4.18,-6.12,0
214,LC08_L1GT_162130_20151127_20200908_02_T2_073348,2015-11-27 07:33:48,,,-3.78,-5.6,0
215,LC08_L1GT_162130_20151213_20200908_02_T2_073347,2015-12-13 07:33:47,-1.86,0.02,-3.6,-5.36,48
216,LC08_L1GT_162130_20161129_20200905_02_T2_073359,2016-11-29 07:33:59,,,-4.97,-7.15,0
217,LC08_L1GT_162130_20171218_20200902_02_T2_073351,2017-12-18 07:33:51,,,-5.27,-7.54,0
218,LC08_L1GT_162130_20181119_20200830_02_T2_073335,2018-11-19 07:33:35,,,-12.16,-16.48,0
219,LC08_L1GT_162130_20181205_20200830_02_T2_073333,2018-12-05 07:33:33,,,-10.95,-14.91,0
220,LC08_L1GT_162130_20181221_20200830_02_T2_073332,2018-12-21 07:33:32,,,-5.03,-7.22,0
221,LC08_L1GT_162130_20190122_20200830_02_T2_073328,2019-01-22 07:33:28,,,-7.32,-10.19,0
222,LC08_L1GT_162130_20191122_20200825_02_T2_073358,2019-11-22 07:33:58,,,-5.9,-8.35,0
223,LC08_L1GT_162130_20200109_20200824_02_T2_073351,2020-01-09 07:33:51,,,-5.01,-7.2,0
224,LC08_L1GT_162130_20201226_20210311_02_T2_073358,2020-12-26 07:33:58,,,-6.2,-8.74,0
225,LC08_L1GT_162131_20131207_20200912_02_T2_073540,2013-12-07 07:35:40,,,-7.42,-10.33,0
226,LC08_L1GT_162131_20141124_20200910_02_T2_073414,2014-11-24 07:34:14,,,-3.39,-5.09,0
227,LC08_L1GT_162131_20150111_20200910_02_T2_073406,2015-01-11 07:34:06,,,-4.11,-6.03,0
228,LC08_L1GT_162131_20151127_20200908_02_T2_073412,2015-11-27 07:34:12,,,-3.63,-5.4,0
229,LC08_L1GT_162131_20151213_20200908_02_T2_073411,2015-12-13 07:34:11,-1.86,0.02,-2.63,-4.1,48
230,LC08_L1GT_162131_20161129_20200905_02_T2_073423,2016-11-29 07:34:23,,,-4.54,-6.58,0
231,LC08_L1GT_162131_20171218_20200902_02_T2_073415,2017-12-18 07:34:15,,,-5.19,-7.42,0
232,LC08_L1GT_162131_20181119_20200830_02_T2_073359,2018-11-19 07:33:59,,,-8.8,-12.12,0
233,LC08_L1GT_162131_20181205_20200830_02_T2_073357,2018-12-05 07:33:57,,,-9.94,-13.59,0
234,LC08_L1GT_162131_20181221_20200830_02_T2_073356,2018-12-21 07:33:56,,,-5.01,-7.19,0
235,LC08_L1GT_162131_20190122_20200829_02_T2_073352,2019-01-22 07:33:52,,,-6.47,-9.09,0
236,LC08_L1GT_162131_20200109_20200823_02_T2_073415,2020-01-09 07:34:15,,,-4.85,-6.99,0
237,LC08_L1GT_162131_20201226_20210311_02_T2_073422,2020-12-26 07:34:22,,,-5.97,-8.44,0
