DateTime,MODIS_filename,MODIS_SST,MODIS_pix,L8_filename,L8_SST,L8_pix,time_dif
2021-09-26 15:28:50,20210926145001-JPL-L2P_GHRSST-SSTskin-MODIS_T-D-v02.0-fv01.0,-1.6796666601365908,96349,LC08_L1GT_007112_20210926_20210930_02_T2_152850_Cel.tif,-2.8554361851675423,96349,0 days 00:38:49
2021-10-28 15:28:57,20211028145001-JPL-L2P_GHRSST-SSTskin-MODIS_T-D-v02.0-fv01.0,,0,LC08_L1GT_007112_20211028_20211108_02_T2_152857_Cel.tif,,0,0 days 00:38:56
2021-11-29 15:28:53,20211129145001-JPL-L2P_GHRSST-SSTskin-MODIS_T-D-v02.0-fv01.0,-1.7934919105588831,27102,LC08_L1GT_007112_20211129_20211208_02_T2_152853_Cel.tif,-4.369667801432725,27102,0 days 00:38:52
2021-12-15 15:28:51,20211215145001-JPL-L2P_GHRSST-SSTskin-MODIS_T-D-v02.0-fv01.0,-1.220613005963903,454628,LC08_L1GT_007112_20211215_20211223_02_T2_152851_Cel.tif,-2.0162367540591832,454628,0 days 00:38:50
2022-02-01 15:28:39,20220201145001-JPL-L2P_GHRSST-SSTskin-MODIS_T-N-v02.0-fv01.0,-0.7489904777334713,417373,LC08_L1GT_007112_20220201_20220211_02_T2_152839_Cel.tif,-1.593501529412126,417373,0 days 00:38:38
2022-03-21 15:28:22,20220321144501-JPL-L2P_GHRSST-SSTskin-MODIS_T-N-v02.0-fv01.0,,0,LC08_L1GT_007112_20220321_20220329_02_T2_152822_Cel.tif,,0,0 days 00:43:21
2022-09-13 15:29:08,20220913144000-JPL-L2P_GHRSST-SSTskin-MODIS_T-D-v02.0-fv01.0,,0,LC08_L1GT_007112_20220913_20220922_02_T2_152908_Cel.tif,,0,0 days 00:49:08
2022-11-16 15:29:02,20221116152001-JPL-L2P_GHRSST-SSTskin-MODIS_T-D-v02.0-fv01.0,,0,LC08_L1GT_007112_20221116_20221128_02_T2_152902_Cel.tif,,0,0 days 00:09:01
2022-12-02 15:29:05,20221202145501-JPL-L2P_GHRSST-SSTskin-MODIS_T-D-v02.0-fv01.0,-1.4591476399160634,491603,LC08_L1GT_007112_20221202_20221212_02_T2_152905_Cel.tif,-2.2946864445266146,491603,0 days 00:34:04
2023-01-19 15:28:49,20230119150501-JPL-L2P_GHRSST-SSTskin-MODIS_T-D-v02.0-fv01.0,,0,LC08_L1GT_007112_20230119_20230131_02_T2_152849_Cel.tif,,0,0 days 00:23:48
2023-02-04 15:28:53,20230204161500-JPL-L2P_GHRSST-SSTskin-MODIS_T-D-v02.0-fv01.0,-1.1645566415633954,156982,LC08_L1GT_007112_20230204_20230209_02_T2_152853_Cel.tif,-2.7562251847387853,156982,0 days 00:46:07
2023-03-08 15:28:29,20230308151501-JPL-L2P_GHRSST-SSTskin-MODIS_T-N-v02.0-fv01.0,-1.8616498426440626,6457,LC08_L1GT_007112_20230308_20230320_02_T2_152829_Cel.tif,-2.869589512145323,6457,0 days 00:13:28
2023-03-24 15:28:21,20230324144001-JPL-L2P_GHRSST-SSTskin-MODIS_T-D-v02.0-fv01.0,,0,LC08_L1GT_007112_20230324_20230404_02_T2_152821_Cel.tif,,0,0 days 00:48:20
2021-09-26 15:29:14,20210926145001-JPL-L2P_GHRSST-SSTskin-MODIS_T-D-v02.0-fv01.0,-1.6625848203460976,193766,LC08_L1GT_007113_20210926_20210930_02_T2_152914_Cel.tif,-2.8152350530425374,193766,0 days 00:39:13
2021-10-28 15:29:21,20211028145001-JPL-L2P_GHRSST-SSTskin-MODIS_T-D-v02.0-fv01.0,,0,LC08_L1GT_007113_20211028_20211108_02_T2_152921_Cel.tif,,0,0 days 00:39:20
2021-12-15 15:29:15,20211215145001-JPL-L2P_GHRSST-SSTskin-MODIS_T-D-v02.0-fv01.0,-1.2346618350861545,734318,LC08_L1GT_007113_20211215_20211223_02_T2_152915_Cel.tif,-2.045704972235901,734318,0 days 00:39:14
2022-02-01 15:29:03,20220201145001-JPL-L2P_GHRSST-SSTskin-MODIS_T-N-v02.0-fv01.0,-0.7577218450805598,800532,LC08_L1GT_007113_20220201_20220211_02_T2_152903_Cel.tif,-1.609127182090841,800532,0 days 00:39:02
2022-02-17 15:28:58,20220217144501-JPL-L2P_GHRSST-SSTskin-MODIS_T-D-v02.0-fv01.0,,0,LC08_L1GT_007113_20220217_20220301_02_T2_152858_Cel.tif,,0,0 days 00:43:57
2022-03-21 15:28:46,20220321144501-JPL-L2P_GHRSST-SSTskin-MODIS_T-N-v02.0-fv01.0,,0,LC08_L1GT_007113_20220321_20220329_02_T2_152846_Cel.tif,,0,0 days 00:43:45
2022-12-02 15:29:29,20221202145501-JPL-L2P_GHRSST-SSTskin-MODIS_T-D-v02.0-fv01.0,-1.4393473850660834,867665,LC08_L1GT_007113_20221202_20221212_02_T2_152929_Cel.tif,-2.3035633364906123,867665,0 days 00:34:28
2022-12-18 15:29:21,20221218160500-JPL-L2P_GHRSST-SSTskin-MODIS_T-D-v02.0-fv01.0,-1.7644965493160745,46,LC08_L1GT_007113_20221218_20230113_02_T2_152921_Cel.tif,-4.800084227058502,46,0 days 00:35:39
2023-01-19 15:29:13,20230119150501-JPL-L2P_GHRSST-SSTskin-MODIS_T-D-v02.0-fv01.0,,0,LC08_L1GT_007113_20230119_20230131_02_T2_152913_Cel.tif,,0,0 days 00:24:12
2023-02-04 15:29:17,20230204161500-JPL-L2P_GHRSST-SSTskin-MODIS_T-D-v02.0-fv01.0,-1.0805833223318366,406674,LC08_L1GT_007113_20230204_20230209_02_T2_152917_Cel.tif,-2.5080484147464697,406674,0 days 00:45:43
2023-03-08 15:28:53,20230308151501-JPL-L2P_GHRSST-SSTskin-MODIS_T-N-v02.0-fv01.0,-1.8617829687552572,8635,LC08_L1GT_007113_20230308_20230320_02_T2_152853_Cel.tif,-2.894268879072864,8635,0 days 00:13:52
2023-03-24 15:28:45,20230324144001-JPL-L2P_GHRSST-SSTskin-MODIS_T-D-v02.0-fv01.0,,0,LC08_L1GT_007113_20230324_20230404_02_T2_152845_Cel.tif,,0,0 days 00:48:44
2021-10-19 15:35:08,20211019145501-JPL-L2P_GHRSST-SSTskin-MODIS_T-D-v02.0-fv01.0,,0,LC08_L1GT_008112_20211019_20211026_02_T2_153508_Cel.tif,,0,0 days 00:40:07
2021-11-20 15:35:02,20211120145501-JPL-L2P_GHRSST-SSTskin-MODIS_T-D-v02.0-fv01.0,-1.7174483175021045,1017411,LC08_L1GT_008112_20211120_20211130_02_T2_153502_Cel.tif,-2.5988362192251473,1017411,0 days 00:40:01
2021-12-22 15:35:00,20211222145500-JPL-L2P_GHRSST-SSTskin-MODIS_T-D-v02.0-fv01.0,-0.8597160723170089,2281887,LC08_L1GT_008112_20211222_20211230_02_T2_153500_Cel.tif,-1.593711257796772,2281887,0 days 00:40:00
2022-01-07 15:34:56,20220107145501-JPL-L2P_GHRSST-SSTskin-MODIS_T-D-v02.0-fv01.0,0.16296610516637167,2281541,LC08_L1GT_008112_20220107_20220114_02_T2_153456_Cel.tif,-0.5068706108367744,2281541,0 days 00:39:55
2022-01-23 15:34:52,20220123145501-JPL-L2P_GHRSST-SSTskin-MODIS_T-D-v02.0-fv01.0,-1.335168546562031,29125,LC08_L1GT_008112_20220123_20220128_02_T2_153452_Cel.tif,-1.8789794933415773,29125,0 days 00:39:51
2022-03-12 15:34:39,20220312145501-JPL-L2P_GHRSST-SSTskin-MODIS_T-D-v02.0-fv01.0,,0,LC08_L1GT_008112_20220312_20220321_02_T2_153439_Cel.tif,,0,0 days 00:39:38
2022-11-23 15:35:14,20221123151501-JPL-L2P_GHRSST-SSTskin-MODIS_T-D-v02.0-fv01.0,-1.844828623099999,50449,LC08_L1GT_008112_20221123_20221205_02_T2_153514_Cel.tif,-3.309251483334538,50449,0 days 00:20:13
2022-12-25 15:35:05,20221225155500-JPL-L2P_GHRSST-SSTskin-MODIS_T-D-v02.0-fv01.0,-0.8814004843586849,2042728,LC08_L1GT_008112_20221225_20230113_02_T2_153505_Cel.tif,-1.636467685794988,2042728,0 days 00:19:55
2023-01-10 15:35:04,20230110153001-JPL-L2P_GHRSST-SSTskin-MODIS_T-D-v02.0-fv01.0,-1.3765426979000792,144054,LC08_L1GT_008112_20230110_20230124_02_T2_153504_Cel.tif,-2.0628620582110786,144054,0 days 00:05:03
2023-01-26 15:35:03,20230126150001-JPL-L2P_GHRSST-SSTskin-MODIS_T-D-v02.0-fv01.0,-0.11023832836957245,2252630,LC08_L1GT_008112_20230126_20250617_02_T2_153503_Cel.tif,-0.7085822817764234,2252630,0 days 00:35:02
2021-11-20 15:35:26,20211120145501-JPL-L2P_GHRSST-SSTskin-MODIS_T-D-v02.0-fv01.0,-1.7028538640079858,916998,LC08_L1GT_008113_20211120_20211130_02_T2_153526_Cel.tif,-2.587175219759153,916998,0 days 00:40:25
2021-12-22 15:35:24,20211222145500-JPL-L2P_GHRSST-SSTskin-MODIS_T-D-v02.0-fv01.0,-0.8358640384145928,1335545,LC08_L1GT_008113_20211222_20211230_02_T2_153524_Cel.tif,-1.5614840713907903,1335545,0 days 00:40:24
2022-01-07 15:35:20,20220107145501-JPL-L2P_GHRSST-SSTskin-MODIS_T-D-v02.0-fv01.0,0.15096544181780175,1355565,LC08_L1GT_008113_20220107_20220114_02_T2_153520_Cel.tif,-0.5323270592388302,1355565,0 days 00:40:19
2022-01-23 15:35:16,20220123145501-JPL-L2P_GHRSST-SSTskin-MODIS_T-D-v02.0-fv01.0,,0,LC08_L1GT_008113_20220123_20220128_02_T2_153516_Cel.tif,,0,0 days 00:40:15
2022-03-12 15:35:03,20220312145501-JPL-L2P_GHRSST-SSTskin-MODIS_T-D-v02.0-fv01.0,,0,LC08_L1GT_008113_20220312_20220321_02_T2_153503_Cel.tif,,0,0 days 00:40:02
2022-11-23 15:35:38,20221123151501-JPL-L2P_GHRSST-SSTskin-MODIS_T-D-v02.0-fv01.0,-1.8478966905789054,9049,LC08_L1GT_008113_20221123_20221205_02_T2_153538_Cel.tif,-3.4566546208736844,9049,0 days 00:20:37
2022-12-25 15:35:29,20221225155500-JPL-L2P_GHRSST-SSTskin-MODIS_T-D-v02.0-fv01.0,-0.9182024975924304,1245580,LC08_L1GT_008113_20221225_20230113_02_T2_153529_Cel.tif,-1.6803038332011255,1245580,0 days 00:19:31
2023-01-26 15:35:27,20230126150001-JPL-L2P_GHRSST-SSTskin-MODIS_T-D-v02.0-fv01.0,-0.22316126409046225,1324526,LC08_L1GT_008113_20230126_20250617_02_T2_153527_Cel.tif,-0.8251650186192482,1324526,0 days 00:35:26
2023-03-31 15:34:52,20230331161001-JPL-L2P_GHRSST-SSTskin-MODIS_T-D-v02.0-fv01.0,,0,LC08_L1GT_008113_20230331_20230411_02_T2_153452_Cel.tif,,0,0 days 00:35:09
2021-10-10 15:41:17,20211010164001-JPL-L2P_GHRSST-SSTskin-MODIS_T-D-v02.0-fv01.0,,0,LC08_L1GT_009112_20211010_20211019_02_T2_154117_Cel.tif,,0,0 days 00:58:44
2021-10-26 15:41:19,20211026150000-JPL-L2P_GHRSST-SSTskin-MODIS_T-D-v02.0-fv01.0,,0,LC08_L1GT_009112_20211026_20211104_02_T2_154119_Cel.tif,,0,0 days 00:41:19
2021-11-11 15:41:15,20211111150001-JPL-L2P_GHRSST-SSTskin-MODIS_T-D-v02.0-fv01.0,,0,LC08_L1GT_009112_20211111_20211117_02_T2_154115_Cel.tif,,0,0 days 00:41:14
2021-12-29 15:41:08,20211229150001-JPL-L2P_GHRSST-SSTskin-MODIS_T-D-v02.0-fv01.0,-1.5032435209171613,30650,LC08_L1GT_009112_20211229_20220105_02_T2_154108_Cel.tif,-4.073496014802293,30650,0 days 00:41:07
2022-02-15 15:40:57,20220215150001-JPL-L2P_GHRSST-SSTskin-MODIS_T-D-v02.0-fv01.0,-0.953582715409695,1288694,LC08_L1GT_009112_20220215_20220223_02_T2_154057_Cel.tif,-2.002229171438397,1288694,0 days 00:40:56
2022-03-19 15:40:45,20220319150001-JPL-L2P_GHRSST-SSTskin-MODIS_T-D-v02.0-fv01.0,,0,LC08_L1GT_009112_20220319_20220329_02_T2_154045_Cel.tif,,0,0 days 00:40:44
2022-09-11 15:41:29,20220911145501-JPL-L2P_GHRSST-SSTskin-MODIS_T-N-v02.0-fv01.0,,0,LC08_L1GT_009112_20220911_20220921_02_T2_154129_Cel.tif,,0,0 days 00:46:28
2022-09-27 15:41:31,20220927163001-JPL-L2P_GHRSST-SSTskin-MODIS_T-N-v02.0-fv01.0,,0,LC08_L1GT_009112_20220927_20221004_02_T2_154131_Cel.tif,,0,0 days 00:48:30
2022-11-14 15:41:26,20221114154001-JPL-L2P_GHRSST-SSTskin-MODIS_T-D-v02.0-fv01.0,-1.8968058862993795,31,LC08_L1GT_009112_20221114_20221122_02_T2_154126_Cel.tif,-3.0476487381635704,31,0 days 00:01:25
2022-11-30 15:41:26,20221130151000-JPL-L2P_GHRSST-SSTskin-MODIS_T-D-v02.0-fv01.0,-1.5114442340538157,2151603,LC08_L1GT_009112_20221130_20221206_02_T2_154126_Cel.tif,-2.426979868874534,2151603,0 days 00:31:26
2022-12-16 15:41:21,20221216162001-JPL-L2P_GHRSST-SSTskin-MODIS_T-D-v02.0-fv01.0,-1.7769204038474755,19830,LC08_L1GT_009112_20221216_20221227_02_T2_154121_Cel.tif,-2.729749005754205,19830,0 days 00:38:40
2023-01-17 15:41:09,20230117152000-JPL-L2P_GHRSST-SSTskin-MODIS_T-D-v02.0-fv01.0,-0.6475902193104289,2223252,LC08_L1GT_009112_20230117_20230131_02_T2_154109_Cel.tif,-1.6580422144027462,2223252,0 days 00:21:09
2023-02-02 15:41:15,20230202163001-JPL-L2P_GHRSST-SSTskin-MODIS_T-D-v02.0-fv01.0,-0.5383380080650906,1890326,LC08_L1GT_009112_20230202_20230209_02_T2_154115_Cel.tif,-1.3333862117613147,1890326,0 days 00:48:46
2023-02-18 15:41:05,20230218160001-JPL-L2P_GHRSST-SSTskin-MODIS_T-D-v02.0-fv01.0,-1.456953113175066,457490,LC08_L1GT_009112_20230218_20230223_02_T2_154105_Cel.tif,-2.9781139649900457,457490,0 days 00:18:56
2023-03-06 15:40:53,20230306153000-JPL-L2P_GHRSST-SSTskin-MODIS_T-D-v02.0-fv01.0,,0,LC08_L1GT_009112_20230306_20230316_02_T2_154053_Cel.tif,,0,0 days 00:10:53
2023-03-22 15:40:43,20230322150000-JPL-L2P_GHRSST-SSTskin-MODIS_T-D-v02.0-fv01.0,,0,LC08_L1GT_009112_20230322_20230404_02_T2_154043_Cel.tif,,0,0 days 00:40:43
2021-10-10 15:41:41,20211010164001-JPL-L2P_GHRSST-SSTskin-MODIS_T-D-v02.0-fv01.0,,0,LC08_L1GT_009113_20211010_20211019_02_T2_154141_Cel.tif,,0,0 days 00:58:20
2021-11-11 15:41:39,20211111150001-JPL-L2P_GHRSST-SSTskin-MODIS_T-D-v02.0-fv01.0,,0,LC08_L1GT_009113_20211111_20211117_02_T2_154139_Cel.tif,,0,0 days 00:41:38
2022-01-30 15:41:25,20220130150000-JPL-L2P_GHRSST-SSTskin-MODIS_T-D-v02.0-fv01.0,,0,LC08_L1GT_009113_20220130_20220204_02_T2_154125_Cel.tif,,0,0 days 00:41:25
2022-02-15 15:41:21,20220215150001-JPL-L2P_GHRSST-SSTskin-MODIS_T-D-v02.0-fv01.0,-1.1873209772286157,91377,LC08_L1GT_009113_20220215_20220223_02_T2_154121_Cel.tif,-2.1741021500623043,91377,0 days 00:41:20
2022-03-19 15:41:09,20220319150001-JPL-L2P_GHRSST-SSTskin-MODIS_T-D-v02.0-fv01.0,,0,LC08_L1GT_009113_20220319_20220329_02_T2_154109_Cel.tif,,0,0 days 00:41:08
2022-11-14 15:41:50,20221114154001-JPL-L2P_GHRSST-SSTskin-MODIS_T-D-v02.0-fv01.0,,0,LC08_L1GT_009113_20221114_20221122_02_T2_154150_Cel.tif,,0,0 days 00:01:49
2022-11-30 15:41:50,20221130151000-JPL-L2P_GHRSST-SSTskin-MODIS_T-D-v02.0-fv01.0,-1.5695483355405693,71855,LC08_L1GT_009113_20221130_20221206_02_T2_154150_Cel.tif,-2.3881258570993062,71855,0 days 00:31:50
2023-01-17 15:41:32,20230117152000-JPL-L2P_GHRSST-SSTskin-MODIS_T-D-v02.0-fv01.0,-0.8326651672694284,70093,LC08_L1GT_009113_20230117_20230131_02_T2_154132_Cel.tif,-1.5948172192393621,70093,0 days 00:21:32
2023-02-02 15:41:39,20230202163001-JPL-L2P_GHRSST-SSTskin-MODIS_T-D-v02.0-fv01.0,-0.5410989819841574,76669,LC08_L1GT_009113_20230202_20230209_02_T2_154139_Cel.tif,-1.2842064792067653,76669,0 days 00:48:22
2023-02-18 15:41:29,20230218160001-JPL-L2P_GHRSST-SSTskin-MODIS_T-D-v02.0-fv01.0,-1.5521478858351445,32664,LC08_L1GT_009113_20230218_20230223_02_T2_154129_Cel.tif,-4.410065879142696,32664,0 days 00:18:32
2023-03-22 15:41:07,20230322150000-JPL-L2P_GHRSST-SSTskin-MODIS_T-D-v02.0-fv01.0,,0,LC08_L1GT_009113_20230322_20230404_02_T2_154107_Cel.tif,,0,0 days 00:41:07
2021-10-17 15:47:29,20211017151000-JPL-L2P_GHRSST-SSTskin-MODIS_T-D-v02.0-fv01.0,,0,LC08_L1GT_010112_20211017_20211026_02_T2_154729_Cel.tif,,0,0 days 00:37:29
2021-12-04 15:47:25,20211204164500-JPL-L2P_GHRSST-SSTskin-MODIS_T-D-v02.0-fv01.0,-1.5689874025493833,1125572,LC08_L1GT_010112_20211204_20211214_02_T2_154725_Cel.tif,-3.1153544161821376,1125572,0 days 00:57:35
2021-12-20 15:47:23,20211220150501-JPL-L2P_GHRSST-SSTskin-MODIS_T-D-v02.0-fv01.0,-0.9309485596871167,2292493,LC08_L1GT_010112_20211220_20211229_02_T2_154723_Cel.tif,-2.007169744317675,2292493,0 days 00:42:22
2022-01-05 15:47:18,20220105150501-JPL-L2P_GHRSST-SSTskin-MODIS_T-D-v02.0-fv01.0,-0.7407067127365246,512909,LC08_L1GT_010112_20220105_20220114_02_T2_154718_Cel.tif,-1.6414442024127978,512909,0 days 00:42:17
2022-01-21 15:47:14,20220121150500-JPL-L2P_GHRSST-SSTskin-MODIS_T-D-v02.0-fv01.0,-0.4970576882408837,2296511,LC08_L1GT_010112_20220121_20220128_02_T2_154714_Cel.tif,-1.5990794531621852,2296511,0 days 00:42:14
2022-02-06 15:47:11,20220206150501-JPL-L2P_GHRSST-SSTskin-MODIS_T-D-v02.0-fv01.0,-0.9444659697860911,449463,LC08_L1GT_010112_20220206_20220212_02_T2_154711_Cel.tif,-1.8029271681961494,449463,0 days 00:42:10
2022-03-10 15:47:02,20220310150501-JPL-L2P_GHRSST-SSTskin-MODIS_T-N-v02.0-fv01.0,,0,LC08_L1GT_010112_20220310_20220321_02_T2_154702_Cel.tif,,0,0 days 00:42:01
2022-09-18 15:47:42,20220918163501-JPL-L2P_GHRSST-SSTskin-MODIS_T-N-v02.0-fv01.0,,0,LC08_L1GT_010112_20220918_20220928_02_T2_154742_Cel.tif,,0,0 days 00:47:19
2022-11-05 15:47:42,20221105160001-JPL-L2P_GHRSST-SSTskin-MODIS_T-D-v02.0-fv01.0,-1.8037390108327551,518439,LC08_L1GT_010112_20221105_20221115_02_T2_154742_Cel.tif,-2.953232414247936,518439,0 days 00:12:19
2022-11-21 15:47:35,20221121153001-JPL-L2P_GHRSST-SSTskin-MODIS_T-D-v02.0-fv01.0,-1.7085747187560527,588228,LC08_L1GT_010112_20221121_20221129_02_T2_154735_Cel.tif,-2.9185282138520137,588228,0 days 00:17:34
2022-12-07 15:47:36,20221207150501-JPL-L2P_GHRSST-SSTskin-MODIS_T-D-v02.0-fv01.0,,0,LC08_L1GT_010112_20221207_20221213_02_T2_154736_Cel.tif,,0,0 days 00:42:35
2022-12-23 15:47:26,20221223161501-JPL-L2P_GHRSST-SSTskin-MODIS_T-D-v02.0-fv01.0,-1.5188740895549877,1698,LC08_L1GT_010112_20221223_20230103_02_T2_154726_Cel.tif,-3.1719343215892946,1698,0 days 00:27:35
2023-01-08 15:47:27,20230108154501-JPL-L2P_GHRSST-SSTskin-MODIS_T-D-v02.0-fv01.0,-0.9962808612420317,70585,LC08_L1GT_010112_20230108_20230124_02_T2_154727_Cel.tif,-1.9497951663856417,70585,0 days 00:02:26
2023-02-09 15:47:24,20230209162501-JPL-L2P_GHRSST-SSTskin-MODIS_T-N-v02.0-fv01.0,-1.066656159974282,53566,LC08_L1GT_010112_20230209_20230217_02_T2_154724_Cel.tif,-2.7138280574565488,53566,0 days 00:37:37
2023-03-13 15:47:02,20230313152001-JPL-L2P_GHRSST-SSTskin-MODIS_T-D-v02.0-fv01.0,,0,LC08_L1GT_010112_20230313_20230321_02_T2_154702_Cel.tif,,0,0 days 00:27:01
2021-09-22 15:53:32,20210922205001-JPL-L2P_GHRSST-SSTskin-MODIS_A-D-v02.0-fv01.0,,0,LC08_L1GT_011112_20210922_20210930_02_T2_155332_Cel.tif,,0,0 days 04:56:29
2021-12-27 15:53:31,20211227151500-JPL-L2P_GHRSST-SSTskin-MODIS_T-D-v02.0-fv01.0,-1.2024033057325885,269049,LC08_L1GT_011112_20211227_20220105_02_T2_155331_Cel.tif,-4.665814250839993,269049,0 days 00:38:31
2022-01-12 15:53:28,20220112165000-JPL-L2P_GHRSST-SSTskin-MODIS_T-D-v02.0-fv01.0,-1.1240128181264786,126618,LC08_L1GT_011112_20220112_20220123_02_T2_155328_Cel.tif,-2.401957958412638,126618,0 days 00:56:32
2022-02-13 15:53:19,20220213151001-JPL-L2P_GHRSST-SSTskin-MODIS_T-D-v02.0-fv01.0,,0,LC08_L1GT_011112_20220213_20220222_02_T2_155319_Cel.tif,,0,0 days 00:43:18
2022-11-12 15:53:49,20221112155500-JPL-L2P_GHRSST-SSTskin-MODIS_T-D-v02.0-fv01.0,,0,LC08_L1GT_011112_20221112_20230113_02_T2_155349_Cel.tif,,0,0 days 00:01:11
2023-01-31 15:53:37,20230131151001-JPL-L2P_GHRSST-SSTskin-MODIS_T-N-v02.0-fv01.0,-0.43550916998054023,2264724,LC08_L1GT_011112_20230131_20230208_02_T2_155337_Cel.tif,-1.515083790998124,2264724,0 days 00:43:36
2021-10-31 15:59:51,20211031152000-JPL-L2P_GHRSST-SSTskin-MODIS_T-D-v02.0-fv01.0,,0,LC08_L1GT_012112_20211031_20211109_02_T2_155951_Cel.tif,,0,0 days 00:39:51
2021-12-02 15:59:47,20211202152001-JPL-L2P_GHRSST-SSTskin-MODIS_T-D-v02.0-fv01.0,-1.347570723055268,633075,LC08_L1GT_012112_20211202_20211209_02_T2_155947_Cel.tif,-2.546871139521359,633075,0 days 00:39:46
2022-01-03 15:59:40,20220103152001-JPL-L2P_GHRSST-SSTskin-MODIS_T-D-v02.0-fv01.0,,0,LC08_L1GT_012112_20220103_20220113_02_T2_155940_Cel.tif,,0,0 days 00:39:39
2022-02-04 15:59:33,20220204152000-JPL-L2P_GHRSST-SSTskin-MODIS_T-N-v02.0-fv01.0,-0.46673098870572616,691146,LC08_L1GT_012112_20220204_20220212_02_T2_155933_Cel.tif,-1.453862326809345,691146,0 days 00:39:33
2022-03-24 15:59:14,20220324151500-JPL-L2P_GHRSST-SSTskin-MODIS_T-N-v02.0-fv01.0,,0,LC08_L1GT_012112_20220324_20220329_02_T2_155914_Cel.tif,,0,0 days 00:44:14
2022-12-21 15:59:48,20221221163001-JPL-L2P_GHRSST-SSTskin-MODIS_T-D-v02.0-fv01.0,-0.9806733979682521,661984,LC08_L1GT_012112_20221221_20221228_02_T2_155948_Cel.tif,-2.146872295295897,661984,0 days 00:30:13
2023-01-22 15:59:45,20230122153001-JPL-L2P_GHRSST-SSTskin-MODIS_T-D-v02.0-fv01.0,-0.5043892809523657,262134,LC08_L1GT_012112_20230122_20230207_02_T2_155945_Cel.tif,-1.2427124566591028,262134,0 days 00:29:44
2023-02-07 15:59:46,20230207164001-JPL-L2P_GHRSST-SSTskin-MODIS_T-D-v02.0-fv01.0,,0,LC08_L1GT_012112_20230207_20230217_02_T2_155946_Cel.tif,,0,0 days 00:40:15
2023-03-11 15:59:24,20230311154000-JPL-L2P_GHRSST-SSTskin-MODIS_T-N-v02.0-fv01.0,-1.8196156898541538,17697,LC08_L1GT_012112_20230311_20230320_02_T2_155924_Cel.tif,-2.935865531151993,17697,0 days 00:19:24
2023-03-27 15:59:14,20230327164501-JPL-L2P_GHRSST-SSTskin-MODIS_T-D-v02.0-fv01.0,,0,LC08_L1GT_012112_20230327_20230405_02_T2_155914_Cel.tif,,0,0 days 00:45:47
2021-12-06 07:28:38,20211206071501-JPL-L2P_GHRSST-SSTskin-MODIS_A-D-v02.0-fv01.0,,0,LC08_L1GT_161132_20211206_20211214_02_T2_072838_Cel.tif,,0,0 days 00:13:37
2022-01-07 07:28:31,20220107071500-JPL-L2P_GHRSST-SSTskin-MODIS_A-D-v02.0-fv01.0,,0,LC08_L1GT_161132_20220107_20220114_02_T2_072831_Cel.tif,,0,0 days 00:13:31
2022-12-25 07:28:40,20221225074501-JPL-L2P_GHRSST-SSTskin-MODIS_A-D-v02.0-fv01.0,,0,LC08_L1GT_161132_20221225_20230103_02_T2_072840_Cel.tif,,0,0 days 00:16:21
2023-01-10 07:28:39,20230110072001-JPL-L2P_GHRSST-SSTskin-MODIS_T-D-v02.0-fv01.0,-1.5415253062505117,18655,LC08_L1GT_161132_20230110_20230124_02_T2_072839_Cel.tif,-4.723555937912424,18655,0 days 00:08:38
2021-12-13 07:34:48,20211213072000-JPL-L2P_GHRSST-SSTskin-MODIS_A-D-v02.0-fv01.0,-1.4880408587249,24609,LC08_L1GT_162132_20211213_20211223_02_T2_073448_Cel.tif,-2.890304731332544,24609,0 days 00:14:48
2022-11-30 07:35:01,20221130080000-JPL-L2P_GHRSST-SSTskin-MODIS_A-N-v02.0-fv01.0,-1.4986842284301316,2249769,LC08_L1GT_162132_20221130_20221206_02_T2_073501_Cel.tif,-2.641649295478784,2249769,0 days 00:24:59
2023-01-01 07:34:52,20230101074500-JPL-L2P_GHRSST-SSTskin-MODIS_T-D-v02.0-fv01.0,,0,LC08_L1GT_162132_20230101_20230110_02_T2_073452_Cel.tif,,0,0 days 00:10:08
2021-12-04 07:40:36,20211204072500-JPL-L2P_GHRSST-SSTskin-MODIS_A-N-v02.0-fv01.0,,0,LC08_L1GT_163131_20211204_20211208_02_T2_074036_Cel.tif,,0,0 days 00:15:36
2021-12-20 07:40:34,20211220072501-JPL-L2P_GHRSST-SSTskin-MODIS_A-D-v02.0-fv01.0,-1.0959481953596226,15840,LC08_L1GT_163131_20211220_20211229_02_T2_074034_Cel.tif,-2.2226679954699007,15840,0 days 00:15:33
2022-01-05 07:40:29,20220105072501-JPL-L2P_GHRSST-SSTskin-MODIS_A-N-v02.0-fv01.0,-1.112428632075607,12227,LC08_L1GT_163131_20220105_20220114_02_T2_074029_Cel.tif,-2.4566468887985775,12227,0 days 00:15:28
2022-12-07 07:40:47,20221207080501-JPL-L2P_GHRSST-SSTskin-MODIS_A-N-v02.0-fv01.0,,0,LC08_L1GT_163131_20221207_20221213_02_T2_074047_Cel.tif,,0,0 days 00:24:14
2023-01-08 07:40:38,20230108074001-JPL-L2P_GHRSST-SSTskin-MODIS_T-D-v02.0-fv01.0,-0.9382802742989864,19676,LC08_L1GT_163131_20230108_20230124_02_T2_074038_Cel.tif,-1.9649855753213175,19676,0 days 00:00:37
2021-12-27 07:46:42,20211227073500-JPL-L2P_GHRSST-SSTskin-MODIS_A-D-v02.0-fv01.0,-0.011531352309713505,1028403,LC08_L1GT_164131_20211227_20220105_02_T2_074642_Cel.tif,-1.0855652554434105,1028403,0 days 00:11:42
2022-01-12 07:46:39,20220112073500-JPL-L2P_GHRSST-SSTskin-MODIS_A-N-v02.0-fv01.0,-1.1702338657528804,308686,LC08_L1GT_164131_20220112_20220122_02_T2_074639_Cel.tif,-2.4577286372040135,308686,0 days 00:11:39
2021-12-18 07:52:56,20211218074000-JPL-L2P_GHRSST-SSTskin-MODIS_A-D-v02.0-fv01.0,,0,LC08_L1GT_165131_20211218_20211223_02_T2_075256_Cel.tif,,0,0 days 00:12:56
2022-12-21 07:53:00,20221221081001-JPL-L2P_GHRSST-SSTskin-MODIS_A-N-v02.0-fv01.0,,0,LC08_L1GT_165131_20221221_20221228_02_T2_075300_Cel.tif,,0,0 days 00:17:01
2021-12-18 07:53:20,20211218074000-JPL-L2P_GHRSST-SSTskin-MODIS_A-D-v02.0-fv01.0,,0,LC08_L1GT_165132_20211218_20211223_02_T2_075320_Cel.tif,,0,0 days 00:13:20
2022-12-21 07:53:23,20221221081001-JPL-L2P_GHRSST-SSTskin-MODIS_A-N-v02.0-fv01.0,-1.5807275761647417,2168,LC08_L1GT_165132_20221221_20221228_02_T2_075323_Cel.tif,-2.2223804336466624,2168,0 days 00:16:38
2023-01-06 07:53:24,20230106075500-JPL-L2P_GHRSST-SSTskin-MODIS_T-D-v02.0-fv01.0,,0,LC08_L1GT_165132_20230106_20230110_02_T2_075324_Cel.tif,,0,0 days 00:01:36
